"Episode","Title","Guest","Quote","Link","Time","MP3","Spotify","Overcast"
"366","Neil Gaiman — The Interview I’ve Waited 20 Years To Do (#366)","Neil Gaiman","","https://tim.blog/2019/03/28/neil-gaiman/","","https://rss.art19.com/episodes/c23f9079-1e14-4b4c-93cc-5dbe8684d06f.mp3","https://open.spotify.com/episode/09Lth2YyWp7gnuoC1gVh13","https://overcast.fm/+KebuXjhSc"
"365","Michael Pollan — Exploring the Frontiers of Psychedelics (#365)","Michael Pollan","","https://tim.blog/2019/03/21/michael-pollan-sxsw/","","https://rss.art19.com/episodes/54edeb9a-7665-4522-9ecf-91219d757dbb.mp3","https://open.spotify.com/episode/4P9y3X5aRBVtypNTLn40xV","https://overcast.fm/+KebsDhWec"
"364","Safi Bahcall — On Thinking Big, Curing Cancer, and Transforming Industries (#364)","Safi Bahcall","","https://tim.blog/2019/03/15/safi-bahcall-loonshots/","","https://rss.art19.com/episodes/41329492-2cee-4976-b910-7a1c9b2d64b9.mp3","https://open.spotify.com/episode/5BJ72L6uKUw9l63pM8xOrC","https://overcast.fm/+Kebs08_bU"
"363","Tea Time with Tim — How to Find Mentors, Decrease Anxiety Through Training, and Much More (#363)","–","–","https://tim.blog/2019/03/11/tea-time-with-tim/","","https://rss.art19.com/episodes/fb7b7920-bf19-4982-86ca-2a61b065418d.mp3","https://open.spotify.com/episode/5dobjpVpqRvd4Dfj31R2fA","https://overcast.fm/+Kebv-wcMI"
"362","Graham Duncan — Talent Is the Best Asset Class (#362)","Graham Duncan","We are not human beings having a spiritual experience, we are spiritual beings having a human experience. Welcome to the party.","https://tim.blog/2019/02/28/graham-duncan/","1:36:12","https://rss.art19.com/episodes/05f4cbf7-d2ef-4250-9eeb-513086c93e9f.mp3","https://open.spotify.com/episode/4dV50f6Up0MLgvSJ9Q6u9l","https://overcast.fm/+KebsP5IsI"
"361","Jim Collins — A Rare Interview with a Reclusive Polymath (#361)","Jim Collins","–","https://tim.blog/2019/02/18/jim-collins/","","https://rss.art19.com/episodes/5ba5c5e9-612a-4670-8fd2-e10b8832d3fc.mp3","https://open.spotify.com/episode/5DlEmtxuxhbM9nwOy4PxE7","https://overcast.fm/+KebsQ0r3Q"
"360","Caterina Fake — The Outsider Who Built Giants (#360)","Caterina Fake","Be kind.","https://tim.blog/2019/02/14/caterina-fake/","1:39:50","https://rss.art19.com/episodes/d7962685-3765-45fa-834e-28e07d3c9dd2.mp3","https://open.spotify.com/episode/1XoiCaWpj3HIJasRkwijcL","https://overcast.fm/+KebubPBuA"
"359","Tobi Lütke — From Snowboard Shop to Billion-Dollar Company (#359)","Tobi Lütke","Entrepreneurship is precious and needs to be celebrated.","https://tim.blog/2019/02/07/tobi-lutke-shopify/","1:57:18","https://rss.art19.com/episodes/b4c1d67d-0bb9-47bf-b4a7-2324447e17bd.mp3","https://open.spotify.com/episode/5vMCUAcH1gfC9Am9aZq0Oh","https://overcast.fm/+KebvERKUU"
"358","Ken Block — The Art of Marketing with a DC Shoes and Gymkhana Legend (500M+ views) (#358)","Ken Block","Don't be an asshole.","https://tim.blog/2019/01/31/ken-block-gymkhana/","1:45:23","https://rss.art19.com/episodes/145e3c3b-ed5c-424b-8f7d-577184f1444f.mp3","https://open.spotify.com/episode/18lgdC3y1lqACYmL7idRoe","https://overcast.fm/+KebsI34tM"
"357","Susan Cain — How to Overcome Fear and Embrace Creativity (#357)","Susan Cain","Only connect.","https://tim.blog/2019/01/24/susan-cain/","1:31:04","https://rss.art19.com/episodes/627d570d-a0c4-4ac8-9f04-f062512162be.mp3","https://open.spotify.com/episode/1TFRruyHF8Z7koOLrnFTkX","https://overcast.fm/+KebvCYqjU"
"356","Peter Mallouk — Exploring the Worlds of Investing, Assets, and Quality of Life (#356)","Peter Mallouk","Is it worth it?","https://tim.blog/2019/01/17/peter-mallouk/","1:38:39","https://rss.art19.com/episodes/5a534877-430d-43dd-88ae-b701cc068127.mp3","https://open.spotify.com/episode/3UEyVGkxgqfJOjFeTu8KTt","https://overcast.fm/+KebuVzhQI"
"355","Greg McKeown — How to Master Essentialism (#355)","Greg Mckeown","Light.","https://tim.blog/2019/01/09/greg-mckeown-essentialism/","2:04:54","https://rss.art19.com/episodes/902742a8-53d8-4125-b64d-139595e6bfe3.mp3","https://open.spotify.com/episode/0bevje1BjnT6UihmeQIDsS","https://overcast.fm/+Kebsr4E1E"
"354","How to Generate 8-Figure Revenue at Age 21 (Or Any Age) — Real 4-Hour Workweek Case Studies (#354)","Benedict Dohmen","–","https://tim.blog/2018/12/27/4-hour-workweek-case-study-benitago-group/","","https://rss.art19.com/episodes/6061dce3-08dc-4db8-bfd8-24e2013ad875.mp3","https://open.spotify.com/episode/3DIoYqHuxyAlmJhRSWDS75","https://overcast.fm/+KebsTIJ7A"
"353","Patrick Collison — CEO of Stripe (#353)","Patrick Collison","–","https://tim.blog/2018/12/20/patrick-collison/","","https://rss.art19.com/episodes/1869f87a-edca-4737-b3fe-cad55c90559f.mp3","https://open.spotify.com/episode/4z0Zxl65r024gnIBkQHKLB","https://overcast.fm/+KebueAwmg"
"352","Dr. Peter Attia vs. Tim Ferriss (#352)","Peter Attia","–","https://tim.blog/2018/12/13/peter-attia-vs-tim-ferriss/","","https://rss.art19.com/episodes/82ba3a91-f689-4c4c-9a7b-7694bbfd3b5f.mp3","https://open.spotify.com/episode/5eGUvPt4EKlJl405ebVNWx","https://overcast.fm/+Kebt_xeeY"
"351","Real 4-Hour Workweek Case Studies — Allen Walton and SpyGuy, The Path to Seven Figures (#351)","Allen Walton","–","https://tim.blog/2018/12/10/allen-walton-4-hour-workweek-case-study/","","https://rss.art19.com/episodes/b35ef9cb-1f4e-478e-9c54-4497ab93ee5e.mp3","https://open.spotify.com/episode/216Jz6dDRYvCGMRRtJyHZw","https://overcast.fm/+KebtHQM5A"
"350","Dr. Andrew Weil — Optimal Health, Plant Medicine, and More (#350)","Andrew Weil","All the good stuff is inside you.","https://tim.blog/2018/12/06/dr-andrew-weil/","1:34:35","https://rss.art19.com/episodes/f049f99d-f48d-4d75-ae41-ceaacaeb8e85.mp3","https://open.spotify.com/episode/3OLRe2dDnXXE8DYuj35QYZ","https://overcast.fm/+KebtKjrj4"
"349","LeBron James and His Top-Secret Trainer, Mike Mancias (#349)","LeBron James","–","https://tim.blog/2018/11/27/lebron-james-mike-mancias/","","https://rss.art19.com/episodes/b97b91ba-c496-46a0-8e2b-08544e9c0f15.mp3","https://open.spotify.com/episode/0WoNEYPEIZ7rLLIqMJGWe9","https://overcast.fm/+Kebs5jX_g"
"348","Dave Elitch — How to Get Out of Your Own Way (#348)","Dave Elitch","Slow down, take a deep breath, just relax.","https://tim.blog/2018/11/26/dave-elitch/","1:44:46","https://rss.art19.com/episodes/c4a6b972-c77a-44ed-a9a5-ecc9d7aaf52b.mp3","",""
"347","Stan Grof, Lessons from ~4,500 LSD Sessions and Beyond (#347)","Stanislav Grof","–","https://tim.blog/2018/11/20/stan-grof/","","https://rss.art19.com/episodes/fb3ec3c9-138c-4d97-a371-062fa64b28b7.mp3","",""
"346","James Cameron and Suzy Amis Cameron — How to Think Big, Start Small, and Change the World (#346)","James Cameron","Stop being a taker. Start being a caretaker.","https://tim.blog/2018/11/12/james-cameron-suzy-amis-cameron/","43:50","https://rss.art19.com/episodes/9f0f3327-7275-424f-84bf-30821cc6e347.mp3","https://open.spotify.com/episode/1j3PizITqOKhiFn14KycNk",""
"345","Doug McMillon — CEO of Walmart (#345)","Doug Mcmillon","Shop at Walmart.","https://tim.blog/2018/11/08/doug-mcmillon-ceo-of-walmart/","56:46","https://rss.art19.com/episodes/ab7bddda-b5ee-4b51-9bd8-5b872c8201e8.mp3","https://open.spotify.com/episode/1ZoatWKtWNkn1zGuNFkAiB",""
"344","A.J. Jacobs — 10 Strategies to Be Happier Through Gratitude (#344)","Aj Jacobs","–","https://tim.blog/2018/11/05/a-j-jacobs/","","https://rss.art19.com/episodes/c33ccd44-41f1-411e-8d4c-0ee743dfad5e.mp3","https://open.spotify.com/episode/5CNEOxIFAg2NDK7d3B2BQx",""
"343","Seth Godin on How to Say “No,” Market Like a Professional, and Win at Life (#343)","Seth Godin","–","https://tim.blog/2018/11/01/seth-godin-this-is-marketing/","","https://rss.art19.com/episodes/f90ab568-0eb2-4724-8b22-3d08685cf062.mp3","",""
"342","Sam Harris, Ph.D. — How to Master Your Mind (#342)","Sam Harris","–","https://tim.blog/2018/10/29/sam-harris-waking-up/","","https://rss.art19.com/episodes/68f17387-c3a7-48c4-8d2e-7326283fa300.mp3","","https://overcast.fm/+Kebu4yHIg/52:32"
"341","Nick Kokonas — How to Apply World-Class Creativity to Business, Art, and Life (#341)","Nick Kokonas","Pause","https://tim.blog/2018/10/18/nick-kokonas/","2:55:44","https://rss.art19.com/episodes/c23d1aee-571f-4e87-ae41-4026a5a5e92d.mp3","https://open.spotify.com/episode/0hmrEworYghOwgfn0l6nih",""
"340","Paul Stamets — How Mushrooms Can Save You and (Perhaps) the World (#340)","Paul Stamets","–","https://tim.blog/2018/10/11/paul-stamets/","","https://rss.art19.com/episodes/a347d207-3697-4540-a7fd-5f5344067421.mp3","https://open.spotify.com/episode/4XXACetxMA1xWfUHOC4UhT","https://overcast.fm/+Kebv-xV6Q/56:24"
"339","Samin Nosrat — Master Creative, Master Teacher (#339)","Samin Nosrat","–","https://tim.blog/2018/10/01/samin-nosrat/","","https://rss.art19.com/episodes/b6e38cae-01a6-4748-97be-1047a34a303b.mp3","https://open.spotify.com/episode/2ZOlNC7ec4dJbMsg0xJoR9",""
"338","Howard Marks — How to Invest with Clear Thinking (#338)","Howard Marks","–","https://tim.blog/2018/09/25/howard-marks/","","https://rss.art19.com/episodes/5016cc2c-3e67-449f-8b53-f06d488e5baf.mp3","",""
"337","Hamilton Morris on Better Living Through Chemistry: Psychedelics, Smart Drugs, and More (#337)","Hamilton Morris","–","https://tim.blog/2018/09/20/hamilton-morris/","","https://rss.art19.com/episodes/075a784d-842a-4275-85e8-706db7dfe572.mp3","",""
"336","Scott Belsky — How to Conquer the Messy Middle (#336)","Scott Belsky","–","https://tim.blog/2018/09/13/scott-belsky/","","https://rss.art19.com/episodes/c9e7fc8b-9477-459d-af99-a8aa80038431.mp3","",""
"335","The Life Lessons and Success Habits of Four Presidents — Doris Kearns Goodwin (#335)","Doris Kearns Goodwin","–","https://tim.blog/2018/09/07/doris-kearns-goodwin-leadership/","","https://rss.art19.com/episodes/6f065006-06c5-464b-a839-f64d078736ed.mp3","",""
"334","Drew Houston — The Billionaire Founder of Dropbox (#334)","Drew Houston","–","https://tim.blog/2018/08/27/drew-houston/","","https://rss.art19.com/episodes/7b634264-1767-4f2c-bbe2-a47a43043ab6.mp3","",""
"333","Random Show — Fasting, Biohacking, and Tony Robbins (#333)","Kevin Rose","–","https://tim.blog/2018/08/17/random-show-fasting-biohacking-and-tony-robbins/","","https://rss.art19.com/episodes/b997db0e-0ef5-473b-a9b3-3d3fd6e643bd.mp3","",""
"332","Coach George Raveling — A Legend on Sports, Business, and The Great Game of Life (#332)","George Raveling","If it is to be, it’s up to me.","https://tim.blog/2018/08/09/george-raveling/","2:05:32","https://rss.art19.com/episodes/fcda22c8-9ba8-466b-ae80-25d38e284612.mp3","",""
"331","Ann Miura-Ko — The Path from Shyness to World-Class Debater and Investor (#331)","Ann Miura Ko","Effort matters.","https://tim.blog/2018/08/02/ann-miura-ko/","2:12:27","https://rss.art19.com/episodes/1befb595-f5fc-45e7-8892-e3a2f0263029.mp3","",""
"330","The Return of Drunk Dialing Q&A: How to Ask Better Questions, Take Better Risks, and More! (#330)","–","–","https://tim.blog/2018/07/30/the-return-of-drunk-dialing-better-questions-better-risks/","","https://rss.art19.com/episodes/89218eff-aa5b-4a42-8373-d945d53bec9e.mp3","",""
"329","Jason Fried — How to Live Life on Your Own Terms (#329)","Jason Fried","The fairest rules are those to which everyone would agree if they did not know how much power they would have.","https://tim.blog/2018/07/23/jason-fried/","2:05:12","https://rss.art19.com/episodes/bfc8f48a-adf4-4de5-9bac-357564127877.mp3","",""
"328","How to Say “No” Gracefully and Uncommit (#328)","Greg Mckeown","–","https://tim.blog/2018/07/19/essentialism/","","https://rss.art19.com/episodes/1f1a99a8-c998-4983-9b19-7de1148d6335.mp3","",""
"327","Aisha Tyler — How to Use Pain, Comedy, and Practice for Creativity (#327)","Aisha Tyler","","https://tim.blog/2018/07/16/aisha-tyler/","","https://rss.art19.com/episodes/1d8dd853-973a-4874-b452-3f6b68cead2d.mp3","",""
"326","Reid Hoffman of LinkedIn, Brian Chesky of Airbnb, and How to Scale to 100M+ Users (#326)","Brian Chesky","","https://tim.blog/2018/07/11/how-to-scale-to-100-million-users/","","https://rss.art19.com/episodes/f6217276-dda9-484a-9f90-ccd79579d937.mp3","",""
"325","Lessons from Richard Branson, Tony Robbins, Ray Dalio, and Other Icons (#325)","","","https://tim.blog/2018/07/05/richard-branson-tony-robbins-ray-dalio-lessons/","","https://rss.art19.com/episodes/f50ee608-d307-4f4d-a3ac-6d8f5b5e0315.mp3","",""
"324","Cal Fussman Corners Tim Ferriss (#324)","Cal Fussman","","https://tim.blog/2018/06/30/cal-fussman-corners-tim-ferriss/","","https://rss.art19.com/episodes/197f9fe4-fade-4c43-b81c-47fb36c5fb7f.mp3","",""
"323","Tim Ferriss Goes to Maximum Security Prison (#323)","","","https://tim.blog/2018/06/25/tim-ferriss-goes-to-maximum-security-prison/","","https://rss.art19.com/episodes/07fc8674-4f90-49c4-babc-b27bb50a2841.mp3","",""
"322","Adam Robinson — Outflanking and Outsmarting the Competition (#322)","Adam Robinson","If you did not get what you want, it’s a sign either that you did not seriously want it or you tried to bargain over the price.
The most difficult thing is the decision to act. The rest is merely tenacity.
If you’re not getting the results you want, change what you’re doing.
If you experience any negative emotion – doubt, fear, frustration, anger – it’s almost always a sign to redirect your attention either to the task at hand or to others.","https://tim.blog/2018/06/21/adam-robinson/","04:18","https://rss.art19.com/episodes/214637f0-d9f6-4dee-8176-647817e58622.mp3","",""
"321","Brandon Stanton – The Story of Humans of New York and 25M+ Fans (#321)","Brandon Stanton","","https://tim.blog/2018/06/18/brandon-stanton-humans-of-new-york/","","https://rss.art19.com/episodes/3fd5315a-966f-4a6c-82a8-0303a51e1b26.mp3","",""
"320","The Art of Hospitality: An Interview With Entrepreneur and Hotelier Liz Lambert (#320)","Liz Lambert","Don’t break your tenderness","https://tim.blog/2018/06/14/liz-lambert/","1:48:29","https://rss.art19.com/episodes/85a66b23-4f0c-4531-9816-758b62d6b57c.mp3","",""
"319","How to Succeed in High-Stress Situations (#319)","Ryan Holiday","","https://tim.blog/2018/06/10/how-to-succeed-in-high-stress-situations/","","https://rss.art19.com/episodes/b7f9ff3d-82e5-46ae-9809-df3c621e72f2.mp3","",""
"318","One-Person Businesses That Make $1M+ Per Year (#318)","Elaine Pofeldt","","https://tim.blog/2018/06/07/one-person-businesses-that-make-1m-per-year/","","https://rss.art19.com/episodes/74298cdd-d63c-4f45-8e3b-804db9dd09d5.mp3","",""
"317","Steve Jurvetson — The Midas Touch and Mind-Bending Futures (#317)","Steve Jurvetson","Celebrate the child-like mind","https://tim.blog/2018/05/31/steve-jurvetson/","2:07:11","https://rss.art19.com/episodes/66c69066-e7a1-4f69-9313-f6c89b6a443e.mp3","",""
"316","Whitney Wolfe Herd — Founder and CEO of Bumble (#316)","Whitney Wolfe Herd","Be the CEO your parents always wanted you to marry.","https://tim.blog/2018/05/25/whitney-wolfe-herd/","1:08:34","https://rss.art19.com/episodes/0b19c53b-f57e-4e26-b6aa-d972c2f9f7ca.mp3","",""
"315","Lessons Learned Traveling The World (#315)","","","https://tim.blog/2018/05/17/lessons-learned-traveling-the-world/","","https://rss.art19.com/episodes/477a1691-0cd7-4465-a0dd-b4395ca37644.mp3","",""
"314","Cindy Eckert — How to Sell Your Company For One Billion Dollars (#314)","Cindy Whitehead","Fuck the Unicorn, Be the Workhorse.","https://tim.blog/2018/05/10/cindy-whitehead/","2:02:09","https://rss.art19.com/episodes/f8eb0cb5-faab-4d89-a524-499c21e7fb69.mp3","",""
"313","Michael Pollan — Exploring The New Science of Psychedelics (#313)","Michael Pollan","","https://tim.blog/2018/05/06/michael-pollan-how-to-change-your-mind/","","https://rss.art19.com/episodes/6aaa228b-ed2c-4f7a-8af1-4802988fdaba.mp3","",""
"312","Joseph Gordon-Levitt — Actor, Filmmaker, and Entrepreneur (#312)","Joseph Gordon Levitt","","https://tim.blog/2018/05/03/joseph-gordon-levitt/","","https://rss.art19.com/episodes/19d603ed-2b56-48b4-b612-28d3e52b43e7.mp3","",""
"311","Nick Thompson — Editor-In-Chief of WIRED (#311)","Nick Thompson","Do something small that’s right.","https://tim.blog/2018/04/27/nick-thompson-editor-in-chief-of-wired/","1:34:09","https://rss.art19.com/episodes/7ddb6052-12b5-4aaf-89e1-997b12562885.mp3","",""
"310","Hurry Up and Fail — Tim Kennedy (#310)","Tim Kennedy","Earn it. Go work for it. ","https://tim.blog/2018/04/22/tim-kennedy/","1:20:08","https://rss.art19.com/episodes/c426f558-ad4e-428d-8677-65fd71c70b73.mp3","",""
"309","Astro Teller, CEO of X – How to Think 10x Bigger (#309)","Astro Teller","","https://tim.blog/2018/04/18/how-to-think-10x-bigger/","","https://rss.art19.com/episodes/efc9c4a0-937e-4124-9f4b-33484e4e45d9.mp3","",""
"308","Inside Out with Katie Couric (#308)","Katie Couric","If you don’t vote, you can’t complain.","https://tim.blog/2018/04/11/katie-couric/","1:05:05","https://rss.art19.com/episodes/f1c8723d-1002-4596-8abb-39ac494524c0.mp3","",""
"307","Karlie Kloss – Entrepreneur and Supermodel (#307)","Karlie Kloss","Did you give it your best?","https://tim.blog/2018/04/04/karlie-kloss/","1:04:32","https://rss.art19.com/episodes/180061cc-2705-4e32-8d2b-30a8125291e0.mp3","",""
"306","Discipline, Sex, Psychedelics, and More — The Return of Drunk Dialing (#306)","Tim Ferriss","","https://tim.blog/2018/03/29/discipline-sex-psychedelics-and-more-the-return-of-drunk-dialing/","","https://rss.art19.com/episodes/d93a35f0-e171-4a92-887b-35cee645f835.mp3","",""
"305","Daniel Pink — How to Make Better Decisions and Be More Creative (#305)","Daniel Pink","","https://tim.blog/2018/03/25/daniel-pink/","","https://rss.art19.com/episodes/b4d37895-5377-4bc4-95a5-67e9f51c3159.mp3","",""
"304","How to Prioritize Your Life and Make Time for What Matters (#304)","Debbie Millman","Busy is a decision.","https://tim.blog/2018/03/21/how-to-prioritize-your-life-and-make-time-for-what-matters/","13:38","https://rss.art19.com/episodes/4b3d1c5c-912a-4547-aeb4-48e770f30dd3.mp3","",""
"303","How to Do Crazy Good Turns — Frank Blake (#303)","Frank Blake","The only blessings you own are the ones you share.","https://tim.blog/2018/03/15/frank-blake/","1:44:57","https://rss.art19.com/episodes/fca950ee-8c1b-4aab-b230-7983c8fcbd7a.mp3","",""
"302","Own the Day, Own Your Life – Aubrey Marcus (#302)","Aubrey Marcus","Welcome to heaven, population everyone.","https://tim.blog/2018/03/12/aubrey-marcus/","1:01:27","https://rss.art19.com/episodes/e3583478-ff98-48e4-9d71-5a33b3c6d359.mp3","",""
"301","Joe Gebbia — Co-Founder of Airbnb (#301)","Joe Gebbia","","https://tim.blog/2018/03/08/joe-gebbia-co-founder-of-airbnb/","","https://rss.art19.com/episodes/11e79eb4-52eb-4b06-b114-23ac7961924d.mp3","",""
"300","Jack Kornfield – Finding Freedom, Love, and Joy in the Present (#300)","Jack Kornfield","How could I love myself and this world better?","https://tim.blog/2018/03/05/jack-kornfield/","2:49:05","https://rss.art19.com/episodes/f6381ff7-2f63-46c0-a888-052337df33f5.mp3","",""
"299","How to Secure Financial Freedom, Maximize Productivity, and Protect Your Health (#299)","Tim Ferriss","","https://tim.blog/2018/02/28/how-to-secure-financial-freedom-maximize-productivity-and-protect-your-health/","","https://rss.art19.com/episodes/61dc128f-e1ad-4891-8733-adf59789951a.mp3","",""
"298","Dr. Gabor Maté — New Paradigms, Ayahuasca, and Redefining Addiction (#298)","Gabor Mate","","https://tim.blog/2018/02/20/gabor-mate/","","https://rss.art19.com/episodes/a0c1eace-43ca-4a95-8076-0f33ab872641.mp3","",""
"297","Bob Metcalfe — The Man (and Lessons) Behind Ethernet, Metcalfe’s Law, and More (#297)","Bob Metcalfe","","https://tim.blog/2018/02/14/bob-metcalfe/","","https://rss.art19.com/episodes/2038d7c8-6170-4c27-835b-59ccaefa635a.mp3","",""
"296","How to Build Popular Podcasts and Blogs (#296)","Tim Ferriss","","https://tim.blog/2018/02/10/how-to-build-popular-podcasts-and-blogs/","","https://rss.art19.com/episodes/8c8d3593-b42b-41bf-9f00-4f90f1465b75.mp3","",""
"295","The 4-Hour Workweek Revisited (#295)","Tim Ferriss","","https://tim.blog/2018/02/02/the-4-hour-workweek-revisited/","","https://rss.art19.com/episodes/e0dafc3d-329b-4683-892f-578411090845.mp3","",""
"294","Best Investments, Bad Advice to Avoid, and Other Life Lessons (#294)","Adam Robinson","","https://tim.blog/2018/01/26/best-investments-bad-advice-to-avoid-and-other-life-lessons/","","https://rss.art19.com/episodes/aca07cd4-ffea-4975-825e-daf00953ed27.mp3","",""
"293","Catherine Hoke — The Master of Second Chances (#293)","Catherine Hoke","Forgive yourself. You’re just human.","https://tim.blog/2018/01/21/catherine-hoke/","1:46:35","https://rss.art19.com/episodes/da5e12e0-b238-46fe-b407-7a75de5b1853.mp3","",""
"292","Lessons and Warnings From Successful Risk Takers (#292)","Graham Duncan","If you can conceive of it, it’s probably wrong.","https://tim.blog/2018/01/18/lessons-and-warnings-from-successful-risk-takers/","45:43","https://rss.art19.com/episodes/a5fe1e27-0fc8-4134-a007-6bd2a1c4c988.mp3","",""
"291","How The Best Overcome Fear (#291)","Caroline Paul","","https://tim.blog/2018/01/14/how-the-best-overcome-fear/","","https://rss.art19.com/episodes/79ea7ade-64c2-4e24-be74-cf825cdd5847.mp3","",""
"290","Gretchen Rubin — Experiments in Happiness and Creativity (#290)","Gretchen Rubin","The days are long, but the years are short.","https://tim.blog/2018/01/10/gretchen-rubin-experiments-in-happiness-and-creativity/","1:28:29","https://rss.art19.com/episodes/0c836c2c-76aa-4a7c-9582-4305c6410e6b.mp3","",""
"289","How to Handle Information Overwhelm (And Social Media) (#289)","Tim Ferriss","","https://tim.blog/2018/01/04/how-to-handle-information-overwhelm-and-social-media/","","https://rss.art19.com/episodes/7c3ed23e-2d1a-46bf-a74a-2fadc7e345c7.mp3","",""
"288","The Badass Brand-Builder: Bozoma Saint John (#288)","Bozoma Saint John","","https://tim.blog/2017/12/27/bozoma-saint-john-2/","","https://rss.art19.com/episodes/18f80039-69f9-428f-868c-f49a0b25c0eb.mp3","",""
"287","Terry Crews — How to Have, Do, and Be All You Want (#287)","Terry Crews","","https://tim.blog/2017/12/20/terry-crews-how-to-have-do-and-be-all-you-want/","","https://rss.art19.com/episodes/5e0e91b1-34c3-4507-821b-6bb99dc06587.mp3","",""
"286","The Man Who Taught Me How to Invest — Mike Maples (#286)","Mike Maples","Integrity is the only path where you’ll never get lost.
Think for yourself always.","https://tim.blog/2017/12/16/the-man-who-taught-me-how-to-invest/","1:36:26","https://rss.art19.com/episodes/a37b219c-ddc8-412e-a344-3aae64dee746.mp3","",""
"285","Overcoming Doubt, Battling the Busy Trap, and Enhancing Life — M. Sanjayan (#285)","M Sanjayan","Nature is screaming.","https://tim.blog/2017/12/07/m-sanjayan/","51:23","https://rss.art19.com/episodes/370d31e4-20da-44aa-8f20-32d7a58d7db5.mp3","",""
"284","The Answers to My Favorite Questions (#284)","Tim Ferriss","You are the average of the five people you associate with most.","https://tim.blog/2017/12/03/the-answers-to-my-favorite-questions/","15:20","https://rss.art19.com/episodes/13d87dad-75aa-45f1-8ec4-27a858ec5f1e.mp3","",""
"283","Managing Procrastination, Predicting the Future, and Finding Happiness – Tim Urban (#283)","Tim Urban","","https://tim.blog/2017/11/30/managing-procrastination-predicting-the-future-and-finding-happiness/","","https://rss.art19.com/episodes/f2d4392d-c8c5-4a41-9f18-392532e29098.mp3","",""
"282","How to Say No (#282)","Tim Ferriss","","https://tim.blog/2017/11/25/how-to-say-no/","","https://rss.art19.com/episodes/7d03a6a6-2bc3-4e21-8093-74fbba041600.mp3","",""
"281","Stewart Brand – The Polymath of Polymaths (#281)","Stewart Brand","","https://tim.blog/2017/11/21/stewart-brand/","","https://rss.art19.com/episodes/24f7ada5-64c3-4844-9522-ed6f3c144f1f.mp3","",""
"280","The Erotic Playbook of a Top-Earning Sex Worker (NSFW) (#280)","Alice Little","Sex is a need not a want.","https://tim.blog/2017/11/17/alice-little/","2:12:01","https://rss.art19.com/episodes/94e42944-29a2-4028-9cdc-866fdb84cd12.mp3","",""
"279","The Most Curious Man in Hollywood — Brian Grazer (#279)","Brian Grazer","","https://tim.blog/2017/11/12/brian-grazer/","","https://rss.art19.com/episodes/0229ba90-4725-4718-b788-e50326fcc779.mp3","",""
"278","Tim O’Reilly – The Trend Spotter (#278)","Tim Oreilly","","https://tim.blog/2017/11/08/tim-oreilly/","","https://rss.art19.com/episodes/00ba562c-2ed1-4258-93c2-04d525c75349.mp3","",""
"277","Sharon Salzberg, World-Renowned Meditation Teacher (#277)","Sharon Salzberg","","https://tim.blog/2017/11/03/sharon-salzberg/","","https://rss.art19.com/episodes/505397f9-8b1b-4747-b509-06cb97ab28f5.mp3","",""
"276","Terry Laughlin, The Master Who Changed My Life (#276)","Terry Laughlin","","https://tim.blog/2017/10/29/terry-laughlin/","","https://rss.art19.com/episodes/da471a92-6ab7-4ff8-aa05-63806a460cd3.mp3","",""
"275","Discipline Equals Freedom — Jocko Willink (#275)","Jocko Willink","","https://tim.blog/2017/10/20/discipline-equals-freedom/","","https://rss.art19.com/episodes/95fe892c-1309-421a-be21-7297b0698dd1.mp3","",""
"274","Arianna Huffington, Media Maven (#274)","Arianna Huffington","","https://tim.blog/2017/10/18/arianna-huffington/","","https://rss.art19.com/episodes/5df0860b-2537-4101-a5c0-834586573b3a.mp3","",""
"273","Lessons from Steve Jobs, Leonardo da Vinci, and Ben Franklin (#273)","Walter Isaacson","Stay hungry, stay foolish. Stay curious, stay observant.","https://tim.blog/2017/10/14/walter-isaacson/","1:18:30","https://rss.art19.com/episodes/64d6f30c-7c2c-4982-bc35-4f1d40f25190.mp3","",""
"272","Sir Richard Branson — The Billionaire Maverick of the Virgin Empire (#272)","Richard Branson","Nothing ventured, nothing gained.","https://tim.blog/2017/10/09/richard-branson/","1:14:07","https://rss.art19.com/episodes/2f74a98e-c86d-4211-8d7d-3c99464bd9c6.mp3","",""
"271","Intimacy, Emotional Baggage, Relationship Longevity, and More – Esther Perel (#271)","Esther Perel","","https://tim.blog/2017/10/08/intimacy-emotional-baggage-relationship-longevity/","","https://rss.art19.com/episodes/7f37c38e-91e0-4a1f-9905-958c6f6927d6.mp3","",""
"270","Investing Wisdom from Marc Andreessen, Peter Thiel, Reid Hoffman, Chris Sacca, and Others (#270)","Chris Sacca","","https://tim.blog/2017/10/05/investing-wisdom/","","https://rss.art19.com/episodes/9f3128b7-769e-4ae4-bb89-16988c526a85.mp3","",""
"268","Eric Ripert — Lessons in Mastery and Mindfulness (#268)","Eric Ripert","","https://tim.blog/2017/09/29/eric-ripert/","","https://rss.art19.com/episodes/f0fac20b-a76f-4e97-b013-37919a8e032e.mp3","",""
"267","Tools and Tips for Better Sleep (#267)","Tim Ferriss","","https://tim.blog/2017/09/26/tools-and-tips-better-sleep/","","https://rss.art19.com/episodes/8dd6eb73-0270-428f-85c7-8155b4999034.mp3","",""
"266","Favorite Books, Supplements, Simple Technologies, and More (#266)","Tim Ferriss","","https://tim.blog/2017/09/22/simple-technologies/","","https://rss.art19.com/episodes/e4f33f71-5fb6-4412-9118-6b8c82dfdfaa.mp3","",""
"265","Bill Burr — The Comedian’s Comedian (#265)","Bill Burr","","https://tim.blog/2017/09/17/bill-burr/","","https://rss.art19.com/episodes/57237382-d25d-4608-a5b8-63afd50fccfd.mp3","",""
"264","Ray Dalio, The Steve Jobs of Investing (#264)","Ray Dalio","","https://tim.blog/2017/09/13/ray-dalio/","","https://rss.art19.com/episodes/12871ab9-f085-4f1e-83db-7b088c4a2d92.mp3","",""
"263","Filmmaker Darren Aronofsky — Exploring Creativity, Ignoring Critics, and Making Art (#263)","Darren Aronofsky","","https://tim.blog/2017/09/09/darren-aronofsky/","","https://rss.art19.com/episodes/d1969bd1-650c-448e-b4a2-273e3d81619b.mp3","",""
"262","The CIA, The Police, and Other Adventures from Stewart Copeland (#262)","Stewart Copeland","","https://tim.blog/2017/09/06/stewart-copeland/","","https://rss.art19.com/episodes/438e7af7-6545-48d1-99a3-f21bc272f2d0.mp3","",""
"261","Mental Performance, Work-Life Balance, and the Rise to the Top – Maria Sharapova (#261)","Maria Sharapova","","https://tim.blog/2017/08/26/maria-sharapova/","","https://rss.art19.com/episodes/de88c4ee-e280-46b9-a42c-3439f5e0ffac.mp3","",""
"260","Setting Goals, Making Money, and Overcoming Tough Times — Phil Hellmuth (#260)","Phil Hellmuth","","https://tim.blog/2017/08/24/phil-hellmuth/","","https://rss.art19.com/episodes/a8c1dd41-4793-483e-a6ee-2d584fb7c020.mp3","",""
"259","Lessons from 50,000 Interviews: Larry King and Cal Fussman (#259)","Cal Fussman","Slow down!","https://tim.blog/2017/08/16/larry-king/","1:02:20","https://rss.art19.com/episodes/42d275fb-6a22-4ea5-8af5-10c333cea56c.mp3","",""
"258","From Long-Shot to $50 Billion Empire – Bill Rasmussen (#258)","Bill Rasmussen","","https://tim.blog/2017/08/09/bill-rasmussen/","","https://rss.art19.com/episodes/3e9a9abe-d2e2-4826-a991-bf68aa5132c0.mp3","",""
"257","Physical Training, Dating Strategies, and Stories from the Early Days (#257)","Tim Ferriss","","https://tim.blog/2017/08/06/physical-training-dating-strategies-and-stories-from-the-early-days/","","https://rss.art19.com/episodes/ecc36922-8d94-4bf3-91c5-e66232377e5e.mp3","",""
"256","How to Overcome Anxiety and Stress – with Adviser to Olympians, Michael Gervais (#256)","Michael Gervais","","https://tim.blog/2017/08/02/michael-gervais/","","https://rss.art19.com/episodes/eaac1d3f-6181-40d3-9434-2de9e902de90.mp3","",""
"255","How to Turn Failure into Success (#255)","Aj Jacobs","","https://tim.blog/2017/07/26/how-to-turn-failure-into-success/","","https://rss.art19.com/episodes/ba10dc89-31d7-4118-922c-79af4e1bb142.mp3","",""
"254","When to Quit – Lessons from World-Class Entrepreneurs, Investors, Authors, and More (#254)","Adam Robinson","","https://tim.blog/2017/07/23/when-to-quit/","","https://rss.art19.com/episodes/488fc1fb-693e-4b22-a608-1b4377b6fec4.mp3","",""
"253","Morning Routines and Strategies (#253)","Jamie Foxx","","https://tim.blog/2017/07/19/morning-routines-and-strategies/","","https://rss.art19.com/episodes/278e5254-e683-433f-a3a4-d08d9d12959b.mp3","",""
"252","Inside the World of SuperTraining – Mark Bell (#252)","Mark Bell","Either you’re in, or you’re in the way.","https://tim.blog/2017/07/12/inside-the-world-of-supertraining-mark-bell/","1:29:19","https://rss.art19.com/episodes/647d8b72-9739-4310-bb9b-832215e77016.mp3","",""
"251","How to Live Without Limits – Kyle Maynard (#251)","Kyle Maynard","","https://tim.blog/2017/07/09/kyle-maynard-without-limits/","","https://rss.art19.com/episodes/b2728e6e-8082-4afb-b9f1-706251cbd4c8.mp3","",""
"250","Myers-Briggs, Diet Mistakes, and Immortality (#250)","Tim Ferriss","","https://tim.blog/2017/07/05/myers-briggs-diet-mistakes-and-immortality/","","https://rss.art19.com/episodes/8698b2f3-ee5a-401c-a607-78a58d80dc45.mp3","",""
"249","How to Make a Difference and Find Your Purpose — Blake Mycoskie (#249)","Blake Mycoskie","","https://tim.blog/2017/06/28/blake-mycoskie/","","https://rss.art19.com/episodes/43cb61ae-7f09-4dd9-b6a5-ac9ffc8e00af.mp3","",""
"248","The 10 Commandments of Startup Success with Reid Hoffman (#248)","Reid Hoffman","If I’m only for myself, what am I? If I’m not for myself, who will be for me? If not now, then when?","https://tim.blog/2017/06/25/reid-hoffman-2/","1:29:25","https://rss.art19.com/episodes/09e5870b-ff69-4a17-8dea-4b15973209b3.mp3","",""
"247","Cool Tools for Travel – Tim Ferriss and Kevin Kelly (#247)","Kevin Kelly","","https://tim.blog/2017/06/20/cool-tools-for-travel/","","https://rss.art19.com/episodes/116bdbd5-74f9-429d-8635-eb976b1c9aff.mp3","",""
"246","Maximizing Strength, Improving Mindset, and Becoming the World’s Fittest Man – Jason Khalipa (#246)","Jason Khalipa","","https://tim.blog/2017/06/14/jason-khalipa/","56:24","https://rss.art19.com/episodes/38f19656-fbc7-48e4-b116-246d2cb59929.mp3","",""
"245","The Magic, Misdirection, and Mindset of David Blaine (#245)","David Blaine","","https://tim.blog/2017/06/08/david-blaine/","","https://rss.art19.com/episodes/b3c6bd1b-5e2b-4d32-8e7c-903217e73c84.mp3","",""
"244","The Quiet Master of Cryptocurrency — Nick Szabo (#244)","Nick Szabo","Trusted third parties are security holes.","https://tim.blog/2017/06/04/nick-szabo/","2:26:47","https://rss.art19.com/episodes/30e669b9-67ac-41e7-b8b0-35ab10ead247.mp3","",""
"243","How to Fear Less: Vince Vaughn (#243)","Vince Vaughn","Learn how you learn, learn yourself and accept yourself; learn who you are, and learn how to accept and love yourself.","https://tim.blog/2017/05/31/vince-vaughn/","1:37:15","https://rss.art19.com/episodes/0429c488-3e5d-43c2-b504-1fe1456ebc37.mp3","",""
"242","Phil Keoghan — The Magic of Bucket Lists and Amazing Races (#242)","Phil Keoghan","","https://tim.blog/2017/05/26/phil-keoghan/","","https://rss.art19.com/episodes/c5be9004-c63d-4b29-9c79-d9fa6ae542b9.mp3","",""
"241","The Relationship Episode: Sex, Love, Polyamory, Marriage, and More (with Esther Perel) (#241)","Esther Perel","Do your part.","https://tim.blog/2017/05/21/esther-perel/","1:55:05","https://rss.art19.com/episodes/e4cf219a-1a1f-4f4d-98b2-b68ef2e87e1e.mp3","",""
"240","Accelerated Learning and Mentors – My Personal Story (#240)","Charles Best","","https://tim.blog/2017/05/17/meta-learning/","","https://rss.art19.com/episodes/c2ced895-4da1-43f5-9f0a-36cfd1779f23.mp3","",""
"239","How to Reverse Aging with Art De Vany (#239)","Art De Vany","Freedom counts.","https://tim.blog/2017/05/12/art-de-vany/","1:49:51","https://rss.art19.com/episodes/0159d1dc-f271-4ae7-b276-cc91ac4145a1.mp3","",""
"238","The Savant of Speed — Ryan Flaherty (#238)","Ryan Flaherty","","https://tim.blog/2017/05/07/ryan-flaherty/","","https://rss.art19.com/episodes/147b1d5b-454b-4db0-97f4-0b095f194300.mp3","",""
"237","Exploring Smart Drugs, Fasting, and Fat Loss — Dr. Rhonda Patrick (#237)","Rhonda Patrick","","https://tim.blog/2017/05/04/smart-drugs-fasting-and-fat-loss/","","https://rss.art19.com/episodes/95309876-a111-430b-91a8-808a7a6ca0ac.mp3","",""
"236","The Alien of Extraordinary Ability (#236)","Murray Carter","Stick to the plan.","https://tim.blog/2017/04/26/murray-carter/","1:32:05","https://rss.art19.com/episodes/dddfa59e-a992-460c-bf35-c1831b0ab777.mp3","",""
"235","Dorian Yates on High Intensity Training, Injury Prevention, and Building Maximum Muscle (#235)","Dorian Yates","We are one.","https://tim.blog/2017/04/22/dorian-yates/","1:39:44","https://rss.art19.com/episodes/0281a4a7-229f-439c-8d9c-59949eeab57c.mp3","",""
"234","Marie Kondo — The Japanese Tidying Master (#234)","Marie Kondo","Love the things you own.","https://tim.blog/2017/04/16/marie-kondo/","53:57","https://rss.art19.com/episodes/b0b9e8db-7b1b-4e0c-9ed5-bf2c202a707e.mp3","",""
"233","Cory Booker — Street Fights, 10-Day Hunger Strikes, and Creative Problem-Solving (#233)","Cory Booker","","https://tim.blog/2017/04/11/cory-booker/","","https://rss.art19.com/episodes/65c0d4ff-6af1-4f08-90f2-3644f8561494.mp3","",""
"232","The Tim Ferriss Radio Hour: How to Control Stress, Upgrade Your Nutrition, and Build the Mindset of a Gladiator (#232)","Arnold Schwarzenegger","","https://tim.blog/2017/04/06/the-tim-ferriss-radio-hour-control-stress-upgrade-nutrition-mindset-of-a-gladiator/","","https://rss.art19.com/episodes/50b6579e-f192-483c-b7d3-c0928ff1131d.mp3","",""
"231","How to Be Creative Like a Motherf*cker — Cheryl Strayed (#231)","Cheryl Strayed","","https://tim.blog/2017/03/30/cheryl-strayed/","","https://rss.art19.com/episodes/4044eed1-cbe1-4a85-a237-e827c9457b26.mp3","",""
"230","The Secrets, Tactics, and Creative Processes of High Performers and Achievers — Debbie Millman (#230)","Debbie Millman","Yes.","https://tim.blog/2017/03/25/the-secrets-tactics-and-creative-processes-of-high-performers-and-achievers-debbie-millman/","39:26","https://rss.art19.com/episodes/54393d19-17e5-4634-a74c-1e5f58db4da1.mp3","",""
"229","Ricardo Semler — The Seven-Day Weekend and How to Break the Rules (#229)","Ricardo Semler","Now!","https://tim.blog/2017/03/19/ricardo-semler/","2:02:28","https://rss.art19.com/episodes/4ba6ab4b-40e8-434b-988a-400d9ebb1cd2.mp3","",""
"228","The Lion of Olympic Weightlifting, 62-Year-Old Jerzy Gregorek (Also Featuring: Naval Ravikant) (#228)","Jerzy Gregorek","","https://tim.blog/2017/03/16/jerzy-gregorek/","","https://rss.art19.com/episodes/b31fc779-ac0b-46fd-901c-4a5c8113abaa.mp3","",""
"227","Conquering Fear and Reducing Anxiety – Caroline Paul (#227)","Caroline Paul","","https://tim.blog/2017/03/12/conquering-fear-and-reducing-anxiety-caroline-paul/","","https://rss.art19.com/episodes/0bc0c7e6-42ef-49a9-a02b-30dde91691a1.mp3","",""
"226","How to Not Be Evil – Dr. Phil Zimbardo (#226)","Phillip Zimbardo","","https://tim.blog/2017/03/08/how-to-not-be-evil-dr-phil-zimbardo/","","https://rss.art19.com/episodes/5205a98c-d863-44e5-b575-0b23a489a099.mp3","",""
"225","John Crowley — The Real-Life Captain America and Bruce Banner (Seriously) (#225)","Amicus Therapeutics","It’s bigger than you.","https://tim.blog/2017/02/28/john-crowley/","1:56:58","https://rss.art19.com/episodes/210e3822-2bc9-450b-bccc-c2a535a06eb8.mp3","",""
"224","The Random Show – Drinking Urine, Exploring Japan, and Figuring Out Life (#224)","Kevin Rose","","https://tim.blog/2017/02/26/the-random-show-drinking-urine-exploring-japan-and-figuring-out-life/","","https://rss.art19.com/episodes/d8b85802-139e-4cf9-b928-eee8f59a2420.mp3","",""
"223","Calming Philosophies for Chaotic Times — Krista Tippett (#223)","Krista Tippett","Anger is what fear and pain look like when they show themselves in public.","https://tim.blog/2017/02/21/krista-tippett/","1:43:47","https://rss.art19.com/episodes/68c6ab9c-ba45-4e4a-bf01-23d6cbfcd070.mp3","",""
"222","Jerrod Carmichael – Uber-Productivity and Dangerous Comedy (#222)","Jerrod Carmichael","Don’t listen to anybody.","https://tim.blog/2017/02/18/jerrod-carmichael-uber-productivity-and-dangerous-comedy/","1:17:14","https://rss.art19.com/episodes/9403dea1-40de-42e9-a842-c6315f1fe0b2.mp3","",""
"221","Mr. Money Mustache — Living Beautifully on $25-27K Per Year (#221)","Mr Money Mustache","Just walk.","https://tim.blog/2017/02/13/mr-money-mustache/","1:34:45","https://rss.art19.com/episodes/e4fd3bff-e813-4902-a9b7-aaeba1e86db9.mp3","",""
"220","Soman Chainani — The School for Good and Evil (#220)","Soman Chainani","Look at the stars","https://tim.blog/2017/02/08/soman-chainani-the-school-for-good-and-evil/","1:49:51","https://rss.art19.com/episodes/97f49b4c-91a4-44e6-a4e4-67e6745e5486.mp3","",""
"219","Lessons from Warren Buffett, Bobby Fischer, and Other Outliers (#219)","Adam Robinson","","https://tim.blog/2017/02/02/lessons-from-warren-buffett-bobby-fischer-and-other-outliers/","","https://rss.art19.com/episodes/01368370-58a0-4da5-a329-b6dfb411cb7b.mp3","",""
"218","The Most Feared and Well-Liked Journalist in Silicon Valley – Kara Swisher (#218)","Kara Swisher","Stop.","https://tim.blog/2017/01/26/kara-swisher/","1:19:57","https://rss.art19.com/episodes/c56aa13c-13b2-4a55-89d6-433240f3ee73.mp3","",""
"217","The One-Minute Workout Designed by Scientists — Dr. Martin Gibala (#217)","Dr Martin Gibala","Life is an interval workout","https://tim.blog/2017/01/23/the-one-minute-workout-designed-by-scientists-dr-martin-gibala/","1:27:26","https://rss.art19.com/episodes/68b98073-db45-4432-a40c-7c510148f93a.mp3","",""
"216","Arnold Schwarzenegger Part 2! Bodybuilding, Investing, and Online Battles (#216)","Arnold Schwarzenegger","","https://tim.blog/2017/01/18/arnold-schwarzenegger-part-2-bodybuilding-investing-and-online-battles/","","https://rss.art19.com/episodes/363a1fe5-6485-4138-ac31-7f84ca955ee0.mp3","",""
"215","The Return of the Money Shot (#215)","Whitney Cummings","Finish.","https://tim.blog/2017/01/16/the-return-of-the-money-shot/","1:45:37","https://rss.art19.com/episodes/05053fc0-d28f-42ef-97b1-c7a3c13d8d00.mp3","",""
"214","How to Design a Life – Debbie Millman (#214)","Debbie Millman","","https://tim.blog/2017/01/12/how-to-design-a-life-debbie-millman/","","https://rss.art19.com/episodes/a125690b-22e8-4d37-ae6a-f136c1df2cc0.mp3","",""
"213","Fasting vs. Slow-Carb Diet, Top $150 Purchases, Balancing Productivity and Relaxation, and More (#213)","Tim Ferriss","","https://tim.blog/2017/01/04/fasting-vs-slow-carb-diet-top-150-purchases-balancing-productivity-and-relaxation-and-more/","","https://rss.art19.com/episodes/a939b515-4054-4cdb-8584-62d8c50fc280.mp3","",""
"212","What I Learned in 2016 (#212)","Tim Ferriss","","https://tim.blog/2016/12/29/2016-what-ive-learned/","","https://rss.art19.com/episodes/444abfd2-3d87-4a15-ac5c-cc3930b2f66d.mp3","",""
"211","A.J. Jacobs: Self-Experimenter Extraordinaire (#211)","Aj Jacobs","Life is too complicated, and subtle, and filled with grays to be summed up on a billboard so don’t pay attention to billboards.","https://tim.blog/2016/12/26/a-j-jacobs-self-experimenter-extraordinaire/","2:00:30","https://rss.art19.com/episodes/30f9ac28-33fa-4d51-88fd-bc493f10626a.mp3","",""
"210","Becoming the Best Version of You (#210)","Adam Robinson","","https://tim.blog/2016/12/20/becoming-the-best-version-of-you/","","https://rss.art19.com/episodes/af891dbf-46f4-45f0-94b6-3bfd187db8e2.mp3","",""
"209","The Random Show Threesome — Tim Ferriss, Kevin Rose, and Matt Mullenweg (#209)","Kevin Rose","","https://tim.blog/2016/12/16/the-random-show-threesome-tim-ferriss-kevin-rose-and-matt-mullenweg/","","https://rss.art19.com/episodes/05627af8-b4c0-4dad-a9e6-7c0b645f95d7.mp3","",""
"208","Ezra Klein — From College Blogger to Political Powerhouse (#208)","Ezra Klein","You’re almost there.","https://tim.blog/2016/12/13/ezra-klein/","1:34:14","https://rss.art19.com/episodes/84ada1a3-4b0c-44b0-b1f3-a70981a5976d.mp3","",""
"207","Tools of Titans: Brené Brown Distilled and Other Goodies (#207)","Brene Brown","","https://tim.blog/2016/12/10/tools-of-titans-brene-brown-distilled-and-other-goodies/","","https://rss.art19.com/episodes/82202b02-3896-4abd-a99d-728f675a34db.mp3","",""
"206","Testing The “Impossible”: 17 Questions That Changed My Life (#206)","","","https://tim.blog/2016/12/07/testing-the-impossible-17-questions-that-changed-my-life/","","https://rss.art19.com/episodes/f9e14c2e-34ab-4c81-852c-6fbf170b3b09.mp3","",""
"205","Mark Bittman on Changing the Food Industry and Living Dangerously (#205)","Mark Bittman","","https://tim.blog/2016/12/05/mark-bittman/","","https://rss.art19.com/episodes/e8424b3d-381b-4b77-9813-df7fbb0ce791.mp3","",""
"204","Tools of Titans: Josh Waitzkin Distilled (#204)","Josh Waitzkin","","https://tim.blog/2016/11/27/tools-of-titans-josh-waitzkin-distilled/","","https://rss.art19.com/episodes/8516b7c0-ab03-469b-9126-3f9c5d02e118.mp3","",""
"203","David Heinemeier Hansson on Digital Security, Company Culture, and the Value of Schooling (#203)","David Heinemeier Hansson","","https://tim.blog/2016/11/25/david-heinemeier-hansson-on-digital-security-company-culture-and-the-value-of-schooling/","","https://rss.art19.com/episodes/f095cc8e-5a57-4a18-b03a-9f1483e9987b.mp3","",""
"202","Tools of Titans: Derek Sivers Distilled (#202)","Derek Sivers","It won’t make you happy.","https://tim.blog/2016/11/21/tools-of-titans-derek-sivers-distilled/","22:23","https://rss.art19.com/episodes/15cdb065-d426-4a08-b18e-785cf0206766.mp3","",""
"201","The Tim Ferriss Radio Hour: Meditation, Mindset, and Mastery (#201)","","","https://tim.blog/2016/11/16/the-tim-ferriss-radio-hour-meditation-mindset-and-mastery/","","https://rss.art19.com/episodes/c5eafee8-47a6-4e8f-a36e-48c20f5dd928.mp3","",""
"200","Susan Garrett — Master Dog (and Human) Trainer (#200)","Susan Garrett","","https://tim.blog/2016/11/14/susan-garrett/","","https://rss.art19.com/episodes/264b56b8-3e45-4b38-a740-d90bb8951132.mp3","","https://overcast.fm/+BmGWrvmvg/1:02:59"
"199","Stephen Dubner — The Art of Storytelling and Facing Malcolm Gladwell in a Fist Fight (#199)","Stephen Dubner","","https://tim.blog/2016/11/09/stephen-dubner-the-art-of-storytelling/","","https://rss.art19.com/episodes/7f0c5d30-fef6-4f0c-b8b9-53cafc9ef620.mp3","",""
"198","Charles Poliquin – His Favorite Mass-Building Program, His Nighttime Routine For Better Sleep, and Much More (#198)","Charles Poliquin","","https://tim.blog/2016/11/06/charles-poliquin-mass-building-program/","","https://rss.art19.com/episodes/08f98961-ec84-4183-aea6-2d58f5289d4a.mp3","",""
"197","Drunk Dialing — Ladies Night Edition! (#197)","","","https://tim.blog/2016/11/02/drunk-dialing-ladies-night-edition/","","https://rss.art19.com/episodes/e57ee0f0-1384-498b-b12b-85548408c057.mp3","",""
"196","Meet the Machine, Dave Camarillo (#196)","Dave Camarillo","I can’t wait for Christmas.","https://tim.blog/2016/10/30/dave-camarillo/","1:49:15","https://rss.art19.com/episodes/cb05b374-ba31-4709-97dd-39de41ca8fee.mp3","",""
"195","David “DHH” Heinemeier Hansson: The Power of Being Outspoken (#195)","David Heinemeier Hansson","","https://tim.blog/2016/10/27/david-heinemeier-hansson/","","https://rss.art19.com/episodes/b4d4ea29-a5a0-4d96-bbcc-39f06fe506f3.mp3","","https://overcast.fm/+BmGV4_bTk/1:43:50"
"194","The Magic and Power of Placebo (#194)","Erik Vance","","https://tim.blog/2016/10/23/erik-vance/","","https://rss.art19.com/episodes/47b07e9e-3fa1-487b-8174-3734de690107.mp3","","https://overcast.fm/+BmGUvmB-Y/12:17"
"193","My Life Extension Pilgrimage to Easter Island (#193)","David Sabatini","Don’t smoke.","https://tim.blog/2016/10/20/my-life-extension-pilgrimage-to-easter-island/","2:12:38","https://rss.art19.com/episodes/60436d84-c78f-4c48-bdd8-88c89a5d8bde.mp3","",""
"192","The Return of Drunk Dialing (#192)","","","https://tim.blog/2016/10/12/the-return-of-drunk-dialing/","","https://rss.art19.com/episodes/af385549-63b3-4bc0-b976-31bfd2d667b3.mp3","",""
"191","The Art and Science of Learning Anything Faster (#191)","","","https://tim.blog/2016/10/06/the-art-and-science-of-learning-anything-faster/","","https://rss.art19.com/episodes/98669ece-9c34-42b9-8429-e84615c90caa.mp3","",""
"190","Matt Mullenweg: Characteristics and Practices of Successful Entrepreneurs (#190)","Matt Mullenweg","","https://tim.blog/2016/10/01/matt-mullenweg-on-the-characteristics-and-practices-of-successful-entrepreneurs/","","https://rss.art19.com/episodes/84942528-d770-428b-9b64-107ededf4e48.mp3","","https://overcast.fm/+BmGWkIxxU/32:54"
"189","Shay Carl on Wealth, Parenting, and the Future of Video (#189)","Shay Carl","","https://tim.blog/2016/09/28/shay-carl-on-wealth-parenting-and-the-future-of-video/","","https://rss.art19.com/episodes/127d9fd8-cf34-491b-8bb2-61f661e99941.mp3","","https://overcast.fm/+BmGWIL5nU/30:43"
"188","Dom D’Agostino on Disease Prevention, Cancer, and Living Longer (#188)","Dom Dagostino","","https://tim.blog/2016/09/25/dom-dagostino-on-disease-prevention-cancer-and-living-longer/","","https://rss.art19.com/episodes/2cbd2d91-ad38-4473-a6a3-8ec072398583.mp3","",""
"187","Jocko Willink on Discipline, Leadership, and Overcoming Doubt (#187)","Jocko Willink","","https://tim.blog/2016/09/21/jocko-willink-on-discipline-leadership-and-overcoming-doubt/","","https://rss.art19.com/episodes/831ec3e7-dd65-453e-8963-f0cdb45f35ae.mp3","",""
"186","Tony Robbins on How to Resolve Internal Conflict (#186)","Tony Robbins","","https://tim.blog/2016/09/18/how-to-resolve-internal-conflict/","","https://rss.art19.com/episodes/0a5742ea-65d2-43e4-856d-2a700db1ff24.mp3","",""
"185","Practicing What You Preach (#185)","","","https://tim.blog/2016/09/14/practicing-what-you-preach/","","https://rss.art19.com/episodes/a67be892-d1b3-4334-b8d7-51b9cabc832b.mp3","",""
"184","Shep Gordon – The King Maker on His Best PR Stunts, Hugest Failures, and Practical Philosophies (#184)","Shep Gordon","Help!","https://tim.blog/2016/09/07/shep-gordon/","1:05:54","https://rss.art19.com/episodes/80256838-bfd9-4be0-8c2a-fda843026969.mp3","","https://overcast.fm/+BmGWtTstM/56:09"
"183","Cal Fussman – The Master Storyteller Returns (#183)","Cal Fussman","","https://tim.blog/2016/08/31/cal-fussman-the-master-storyteller-returns/","","https://rss.art19.com/episodes/6bbe2c6d-8492-4dad-ac8c-d643d85dd4a8.mp3","","https://overcast.fm/+BmGUS3Z18/1:46:02"
"182","Jason Nemer – Inside the Magic of AcroYoga (#182)","Jason Nemer","Play more!","https://tim.blog/2016/08/24/jason-nemer/","1:50:20","https://rss.art19.com/episodes/9ae8ab8a-98f1-4cab-85d9-640f508eb9c8.mp3","",""
"181","How to ‘Waste Money’ To Improve the Quality of Your Life (#181)","","","https://tim.blog/2016/08/22/how-to-waste-money-to-improve-the-quality-of-your-life/","","https://rss.art19.com/episodes/67940719-bf8d-4fe4-8fdd-017c58117e60.mp3","",""
"180","The Secrets of Gymnastic Strength Training, Part Two — Home Equipment, Weighted Stretches, and Muscle-Ups (#180)","Chris Sommer","","https://tim.blog/2016/08/17/the-secrets-of-gymnastic-strength-training-part-two/","","https://rss.art19.com/episodes/159a9715-0b8a-4c0b-9b10-49210a7329cd.mp3","","https://overcast.fm/+BmGXDd7Yo/16:22"
"179","What’s Important to You? (#179)","Ryan Holiday","","https://tim.blog/2016/08/14/whats-important-to-you/","","https://rss.art19.com/episodes/2270eac3-d115-453d-a47b-05b01c9825c2.mp3","","https://overcast.fm/+BmGVzQ5NY/8:07"
"178","Tony Robbins – On Achievement Versus Fulfillment (#178)","Tony Robbins","","https://tim.blog/2016/08/10/tony-robbins-on-achievement-versus-fulfillment/","","https://rss.art19.com/episodes/2f8b6f36-62c9-4531-8352-e19c0a9084a8.mp3","","https://overcast.fm/+BmGUTHOEw/56:01"
"177","Seth Godin on How to Think Small to Go Big (#177)","Seth Godin","","https://tim.blog/2016/08/03/seth-godin-on-how-to-think-small-to-go-big/","","https://rss.art19.com/episodes/a215aeac-a280-4165-8b43-13d7ec8bd616.mp3","","https://overcast.fm/+BmGXwd3-o/6:27"
"176","Mike Birbiglia, The Sleepwalking Comedy Giant (#176)","Mike Birbiglia","None of these companies care about you. (In Times Square)","https://tim.blog/2016/07/27/mike-birbiglia/","1:21:18","https://rss.art19.com/episodes/6775422f-2e6a-4f00-bed1-cd798e3864e1.mp3","","https://overcast.fm/+BmGU5awWA/55:15"
"175","How to Cage the Monkey Mind (#175)","","","https://tim.blog/2016/07/24/how-to-cage-the-monkey-mind/","","https://rss.art19.com/episodes/2160ba7e-f291-490d-918c-a8715ededd42.mp3","","https://overcast.fm/+BmGUTqAtA/10:35"
"174","The One-Handed Concert Pianist, Nicholas McCarthy (#174)","Nicholas Mccarthy","Anything is possible.","https://tim.blog/2016/07/19/the-one-handed-concert-pianist-nicholas-mccarthy/","52:01","https://rss.art19.com/episodes/eac4b8ce-5f08-49c8-9765-5b82acb2ecf8.mp3","","https://overcast.fm/+BmGVn0Y6I/16:17"
"173","Lessons from Geniuses, Billionaires, and Tinkerers (#173)","Chris Young","It all worked out anyway.","https://tim.blog/2016/07/11/lessons-from-geniuses-billionaires-and-tinkerers/","2:37:15","https://rss.art19.com/episodes/39ee5814-e848-4b6b-84c3-61a74f7ff099.mp3","","https://overcast.fm/+BmGUryh4I/57:54"
"172","Dom D’Agostino — The Power of the Ketogenic Diet (#172)","Dom Dagostino","","https://tim.blog/2016/07/06/dom-dagostino-part-2/","","https://rss.art19.com/episodes/45c30f5d-8f06-4b79-9f30-f7ab12f19963.mp3","","https://overcast.fm/+BmGXc38OQ/16:21"
"171","The Random Show – New Favorite Books, Memory Training, and Bets On VR (#171)","Kevin Rose","","https://tim.blog/2016/07/03/the-random-show-new-favorite-books-memory-training-and-bets-on-vr/","","https://rss.art19.com/episodes/0507dfc4-474d-4016-9ffd-41d4490e8ad3.mp3","","https://overcast.fm/+BmGXRkmH8/1:20:24"
"170","Shay Carl — From Manual Laborer to 2.3 Billion YouTube Views (#170)","Shay Carl","You’re going to die.","https://tim.blog/2016/06/27/shay-carl/","2:47:19","https://rss.art19.com/episodes/f5dc6c63-97bb-4744-882d-2eb5390000df.mp3","","https://overcast.fm/+BmGXYOy-U/1:36:01"
"169","Useful Lessons from Workaholics Anonymous, Corporate Implosions, and More (#169)","Ryan Holiday","","https://tim.blog/2016/06/25/useful-lessons-from-workaholics-anonymous-corporate-implosions-and-more/","","https://rss.art19.com/episodes/c6bf91ba-560b-405c-b0bf-0c982a5fd495.mp3","","https://overcast.fm/+BmGXbt60Q/1:18:07"
"168","Dissecting the Success of Malcolm Gladwell (#168)","Malcolm Gladwell","–","https://tim.blog/2016/06/21/malcolm-gladwell/","1:35:18","https://rss.art19.com/episodes/9ad9500f-1dd0-44c5-9a39-4d64dee7d6a6.mp3","","https://overcast.fm/+BmGXkwInY/26:04"
"167","Jamie Foxx Part 2 – Bringing the Thunder (#167)","Jamie Foxx","","https://tim.blog/2016/06/18/jamie-foxx-part-2-bringing-the-thunder/","","https://rss.art19.com/episodes/15bc6c3e-d13a-4bdd-930f-b4e04eea0efd.mp3","","https://overcast.fm/+BmGW1T5a0/7:20"
"166","How Creatives Should Negotiate (#166)","Ramit Sethi","","https://tim.blog/2016/06/15/how-creatives-should-negotiate/","","https://rss.art19.com/episodes/a23e55b7-2029-4837-b38a-b2cdd57615ae.mp3","","https://overcast.fm/+BmGUNXmSg/43:50"
"165","The Canvas Strategy — What Ben Franklin and Bill Belichick Have in Common (#165)","Ryan Holiday","","https://tim.blog/2016/06/10/the-canvas-strategy/","","https://rss.art19.com/episodes/e2d9fe52-6004-438a-8eaf-0acf355aca34.mp3","",""
"164","Kevin Kelly – AI, Virtual Reality, and The Inevitable (#164)","Kevin Kelly","","https://tim.blog/2016/06/05/kevin-kelly-ai-virtual-reality-and-the-inevitable/","","https://rss.art19.com/episodes/53315f83-a0ff-43f3-8ee3-5f9aaf492537.mp3","","https://overcast.fm/+BmGWugZNY/1:25:24"
"163","Marc Andreessen — Lessons, Predictions, and Recommendations from an Icon (#163)","Marc Andreessen","Raise prices.","https://tim.blog/2016/05/29/marc-andreessen/","1:03:50","https://rss.art19.com/episodes/e68a7e8c-0347-46b6-8df4-8b3ef36ca9f0.mp3","","https://overcast.fm/+BmGUMlGGk/25:11"
"162","How to Be Tim Ferriss – Featuring Freakonomics (#162)","","","https://tim.blog/2016/05/27/how-to-be-tim-ferriss-featuring-freakonomics/","","https://rss.art19.com/episodes/0f0c1468-416d-4d7a-9602-693c7963648e.mp3","",""
"161","Lessons from War, Tribal Societies, and a Non-Fiction Life (Sebastian Junger) (#161)","Sebastian Junger","Read.","https://tim.blog/2016/05/22/sebastian-junger/","2:16:22","https://rss.art19.com/episodes/64ca168e-d686-49f0-a364-6f77e6dced9f.mp3","","https://overcast.fm/+BmGXptv5Q/1:12:02"
"160","Assessing Risk and Living Without a Rope – Lessons from Alex Honnold (#160)","Alex Honnold","–","https://tim.blog/2016/05/17/alex-honnold/","1:43:28","https://rss.art19.com/episodes/0fbc3bb0-8605-4a80-88a1-587f4d52e545.mp3","","https://overcast.fm/+BmGXMYPGA/29:01"
"159","How to Optimize Creative Output — Jarvis versus Ferriss (#159)","Chase Jarvis","You are the average of the five people you associate with most.","https://tim.blog/2016/05/13/how-to-optimize-creative-output-jarvis-versus-ferriss/","1:28:58","https://rss.art19.com/episodes/9be2800f-7bc8-44c7-ae83-291c724c4a2c.mp3","","https://overcast.fm/+BmGUz2Aj4/1:11:02"
"158","The Secrets of Gymnastic Strength Training (#158)","Chris Sommer","–","https://tim.blog/2016/05/09/the-secrets-of-gymnastic-strength-training/","2:56:41","https://rss.art19.com/episodes/b3f6e618-7ed4-4d3c-a200-234f186cf257.mp3","","https://overcast.fm/+BmGWZfnss/1:14:52"
"157","The Importance of Being Dirty: Lessons from Mike Rowe (#157)","Mike Rowe","–","https://tim.blog/2016/05/04/mike-rowe/","1:50:55","https://rss.art19.com/episodes/e4b50132-dd51-40dd-a650-11656f44927e.mp3","","https://overcast.fm/+BmGU4SZtg/21:00"
"156","Joshua Skenes — Playing with Fire (#156)","Joshua Skenes","","https://tim.blog/2016/04/30/joshua-skenes-playing-with-fire/","","https://rss.art19.com/episodes/9d2ec9f7-6ec2-4756-9492-e22294dd3359.mp3","","https://overcast.fm/+BmGUalqp4/39:01"
"155","On Zero-to-Hero Transformations (#155)","","","https://tim.blog/2016/04/27/on-zero-to-hero-transformations/","","https://rss.art19.com/episodes/1cf5aee3-3692-4322-a527-9d856348021c.mp3","","https://overcast.fm/+BmGWKDup4/51:14"
"154","The Habits of a Master — Paulo Coelho, Author of The Alchemist (#154)","Paulo Coelho","","https://tim.blog/2016/04/23/paulo-coelho-the-alchemist/","","https://rss.art19.com/episodes/300dad9f-3211-4701-8186-6d0242725587.mp3","","https://overcast.fm/+BmGUbrcM8/31:46"
"153","The Man Who Studied 1,000 Deaths to Learn How to Live (#153)","Bj Miller","Don’t believe everything you think.","https://tim.blog/2016/04/14/bj-miller/","1:40:06","https://rss.art19.com/episodes/f7d86932-adc5-435b-984d-d37cd0b1e93a.mp3","","https://overcast.fm/+BmGV1XDzU/20:34"
"152","On Philosophy and Riches (#152)","","","https://tim.blog/2016/04/10/on-philosophy-and-riches/","","https://rss.art19.com/episodes/97d399e0-c5ab-4aac-91f1-daede6866310.mp3","","https://overcast.fm/+BmGU_B-cA/11:53"
"151","How to Overcome Fear – Lessons from Firefighter and Luger, Caroline Paul (#151)","Caroline Paul","Nobody owes you anything at all.","https://tim.blog/2016/04/05/caroline-paul/","1:32:30","https://rss.art19.com/episodes/48ca56cd-abcc-4f67-a521-f55b82123561.mp3","","https://overcast.fm/+BmGUnWato/50:40"
"150","Morgan Spurlock: Inside the Mind of a Human Guinea Pig (#150)","Morgan Spurlock","–","https://tim.blog/2016/03/29/morgan-spurlock-inside-the-mind-of-a-human-guinea-pig/","1:07:20","https://rss.art19.com/episodes/6da393a4-d360-4f84-ae79-6a319aa288d7.mp3","","https://overcast.fm/+BmGWMDO8U/36:47"
"149","How to Live in the Moment (#149)","","","https://tim.blog/2016/03/27/how-to-live-in-the-moment/","","https://rss.art19.com/episodes/8c649830-9d1d-41ee-816f-c11b5173fd86.mp3","","https://overcast.fm/+BmGX2g4wI/8:28"
"148","Josh Waitzkin, The Prodigy Returns (#148)","Josh Waitzkin","","https://tim.blog/2016/03/23/josh-waitzkin-the-prodigy-returns/","","https://rss.art19.com/episodes/f4ed4dad-2631-4a72-888c-7daac8cfe7fa.mp3","","https://overcast.fm/+BmGUJyr8Q/1:24:41"
"147","How to Avoid the Busy Trap (and Other Misuses of Your Time) (#147)","","","https://tim.blog/2016/03/21/avoid-the-busy-trap/","","https://rss.art19.com/episodes/b6b42885-b8c0-4f0c-8b7d-d17670d63ab0.mp3","",""
"146","The Random Show, Ice Cold Edition (#146)","Kevin Rose","","https://tim.blog/2016/03/16/the-random-show-ice-cold-edition/","","https://rss.art19.com/episodes/5b16c93f-7ce3-4b04-a24f-8d57e08e306d.mp3","","https://overcast.fm/+BmGUh7OTw/19:58"
"145","The Interview Master: Cal Fussman and the Power of Listening (#145)","Cal Fussman","Listen.","https://tim.blog/2016/03/11/the-interview-master-cal-fussman-and-the-power-of-listening/","2:48:27","https://rss.art19.com/episodes/e3d30b76-44a6-4078-b3b5-b4d37d37711d.mp3","","https://overcast.fm/+BmGXIKQ9s/30:20"
"144","How to 10X Your Results, One Tiny Tweak at a Time (#144)","Joel Stein","","https://tim.blog/2016/03/04/how-to-10x-your-results/","","https://rss.art19.com/episodes/be6dd519-cc9a-4682-8332-d433907da14b.mp3","","https://overcast.fm/+BmGWz74LE/25:41"
"143","The World’s Most Famous Performance-Enhancement Chemist (#143)","Patrick Arnold","","https://tim.blog/2016/03/02/patrick-arnold/","","https://rss.art19.com/episodes/0e423c46-d431-4ed3-9b29-b922b7dd6e20.mp3","","https://overcast.fm/+BmGVWx6s0/58:32"
"142","How to Achieve Self-Ownership (#142)","","","https://tim.blog/2016/02/28/how-to-achieve-self-ownership/","","https://rss.art19.com/episodes/47bcb7e9-5963-4b65-bfd4-2af6770daec7.mp3","","https://overcast.fm/+BmGVCRUqI/10:26"
"141","Kaskade and Sekou Andrews: The Musician and the Poet (#141)","Kaskade","Remember who you are.","https://tim.blog/2016/02/24/kaskade-and-sekou-andrews/","30:42","https://rss.art19.com/episodes/0d51013a-6bca-4fad-b3cb-5dfd56475425.mp3","","https://overcast.fm/+BmGXTj-aQ/23:49"
"140","Shaun White and the Magic of “Who Cares?” (#140)","Shaun White","–","https://tim.blog/2016/02/18/shaun-white-the-most-unholy-snowboarder-ever/","01:17:41","https://rss.art19.com/episodes/517d88b4-0dc5-4748-9c90-cc8cb918d33f.mp3","","https://overcast.fm/+BmGUn6yQU/33:07"
"139","Meet “Scorpion,” The Real-Life Santa Claus","Walter Obrien","–","https://tim.blog/2016/02/16/scorpion/","1:45:00","https://rss.art19.com/episodes/3c93c4f5-d614-479d-bf91-79d6e4fddaa6.mp3","",""
"138","How Seth Godin Manages His Life — Rules, Principles, and Obsessions (#138)","Seth Godin","–","https://tim.blog/2016/02/10/seth-godin/","1:53:01","https://rss.art19.com/episodes/bac1830f-7645-4621-9534-283da586288d.mp3","","https://overcast.fm/+BmGUdcEGE/28:07"
"137","How to Practice Poverty and Reduce Fear (#137)","","","https://tim.blog/2016/02/02/how-to-practice-poverty-and-reduce-fear/","","https://rss.art19.com/episodes/5227ab6d-70fe-4e3e-99d6-30b2b8bb0fa0.mp3","","https://overcast.fm/+BmGW7J5qs/10:15"
"136","Naval Ravikant on Happiness Hacks and the 5 Chimps Theory (#136)","Naval Ravikant","","https://tim.blog/2016/01/30/naval-ravikant-on-happiness-hacks/","","https://rss.art19.com/episodes/ce6cf515-20f7-4e57-8a2e-596e3f4f1d0c.mp3","",""
"135","Luis von Ahn on Learning Languages, Building Companies, and Changing the World (#135)","Luis Von Ahn","–","https://tim.blog/2016/01/26/luis-von-ahn-duolingo/","1:54:23","https://rss.art19.com/episodes/5d9f23aa-acd7-4c1b-a960-dd258015305d.mp3","",""
"134","The Tao of Seneca: Letters from a Stoic Master + On Groundless Fears (Letter 13) (#134)","","","https://tim.blog/2016/01/22/the-tao-of-seneca/","","https://rss.art19.com/episodes/b1e339a3-bf9e-49e9-908d-e02389765aad.mp3","",""
"133","Edward Norton on Mastery, Must-Read Books, and The Future of Crowdfunding (#133)","Edward Norton","–","https://tim.blog/2016/01/18/edward-norton-on-mastery-must-read-books-and-the-future-of-crowdfunding/","1:17:29","https://rss.art19.com/episodes/de62c4c9-adb7-4cf8-8512-6aa38e3fab7a.mp3","",""
"132","Chris Sacca on Shark Tank, Building Your Business, and Startup Mistakes (#132)","Chris Sacca","","https://tim.blog/2016/01/15/chris-sacca-on-shark-tank-building-your-business-and-startup-mistakes/","","https://rss.art19.com/episodes/419dc6bf-6590-4e83-baa2-cf0f026df329.mp3","",""
"131","Eric Weinstein on Challenging “Reality,” Working with Peter Thiel, and Destroying Education to Save It (#131)","Eric Weinstein","–","https://tim.blog/2016/01/13/eric-weinstein/","1:25:18","https://rss.art19.com/episodes/8d7b3df5-7909-4aee-8a88-ec8fa388e1dd.mp3","",""
"130","Daymond John and How to Turn Weaknesses into Strengths (#130)","Daymond John","","https://tim.blog/2016/01/06/daymond-john-and-how-to-turn-weaknesses-into-strengths/","","https://rss.art19.com/episodes/13c58cef-35ed-42ac-b3c6-6417a8de35f1.mp3","",""
"129","Recommendations and Resolutions for 2016 (#129)","","","https://tim.blog/2016/01/03/new-years-resolutions/","","","",""
"128","Derek Sivers Reloaded – On Success Habits and Billionaires with Perfect Abs (#128)","Derek Sivers","","https://tim.blog/2015/12/28/derek-sivers-reloaded-on-success-habits-and-billionaires-with-perfect-abs/","","https://rss.art19.com/episodes/c51bc951-0279-41ae-979a-f8b1c9f889be.mp3","",""
"127","Amelia Boone on Beating 99% of Men and Suffering for High Performance (#127)","Amelia Boone","No one owes you anything.","https://tim.blog/2015/12/22/amelia-boone/","1:20:59","https://rss.art19.com/episodes/0b00afcc-7043-4ca8-aa2d-e7da55de34b8.mp3","",""
"126","25 Great Things I Learned from Podcast Guests in 2015 (#126)","","","https://tim.blog/2015/12/19/25-great-things-i-learned-from-podcast-guests-in-2015/","","https://rss.art19.com/episodes/739f0f4a-6375-4c03-8e81-8690cb913d1b.mp3","",""
"125","Derek Sivers on Developing Confidence, Finding Happiness, and Saying “No” to Millions (#125)","Derek Sivers","It won’t make you happy.","https://tim.blog/2015/12/14/derek-sivers-on-developing-confidence-finding-happiness-and-saying-no-to-millions/","1:52:46","https://rss.art19.com/episodes/69982d64-bb05-49de-b04f-8a2b12ab290a.mp3","",""
"124","Jamie Foxx on Workout Routines, Success Habits, and Untold Hollywood Stories (#124)","Jamie Foxx","","https://tim.blog/2015/12/06/jamie-foxx/","","https://rss.art19.com/episodes/75397d31-819f-46e2-a120-43698791473f.mp3","",""
"123","Rainn Wilson on Meditation, The Sexy Nostril Exercise, and Acting as Therapy (#123)","Rainn Wilson","Don’t be an asshole.","https://tim.blog/2015/11/30/rainn-wilson/","1:06:05","https://rss.art19.com/episodes/9cd8bfe9-56b7-498f-bc90-b1850fa6f560.mp3","",""
"122","The Magic of Mindfulness: Complain Less, Appreciate More, and Live a Better Life (#122)","","","https://tim.blog/2015/11/29/magic-of-mindfulness/","","https://rss.art19.com/episodes/97488ccb-10b9-43d5-aab7-106e14021fac.mp3","",""
"121","B.J. Novak of The Office on Creative Process, Handling Rejection, and Good Comedy (#121)","Bj Novak","","https://tim.blog/2015/11/25/bj-novak/","","https://rss.art19.com/episodes/ab2454ef-17f9-48c3-9c8b-14833219d9d8.mp3","",""
"120","Will MacAskill on Effective Altruism, Y Combinator, and Artificial Intelligence (#120)","Will Macaskill","–","https://tim.blog/2015/11/22/will-macaskill/","2:03:20","https://rss.art19.com/episodes/720d0e81-1189-47a3-9b2b-cc5503a86590.mp3","",""
"119","Kevin Costner on Building His Career, Positive Self-Talk, and Making Dances with Wolves Happen (#119)","Kevin Costner","–","https://tim.blog/2015/11/16/kevin-costner-the-near-death-audition-work-ethic-and-the-explorers-guild/","1:50:45","https://rss.art19.com/episodes/13fe0ffb-0b3a-4304-9056-e3259904b347.mp3","",""
"118","How Philosophy Can Change Your Life, Alain de Botton (#118)","Alain De Botton","Life is only 400,000 hours long. Be kind.","https://tim.blog/2015/11/10/alain-de-botton/","1:47:18","https://rss.art19.com/episodes/110d0dcc-3002-4096-a397-d33df87b39e4.mp3","",""
"117","Dom D’Agostino on Fasting, Ketosis, and the End of Cancer (#117)","Dom Dagostino","","https://tim.blog/2015/11/03/dominic-dagostino/","","https://rss.art19.com/episodes/5ea15014-1fb0-44ad-a0cd-25cc8039970e.mp3","",""
"116","How Renegade Filmmaker Casey Neistat Breaks Rules, Reinvents Himself, and Gets Thanked For It (#116)","Casey Neistat","Be nice.","https://tim.blog/2015/10/27/casey-neistat/","1:23:55","https://rss.art19.com/episodes/84df7eae-4d2d-4ebc-9ce2-21da47c64327.mp3","",""
"115","Thinking About Extra Dimensions with Physicist Lisa Randall (#115)","Lisa Randall","Be curious and try to find solutions to problems. ","https://tim.blog/2015/10/24/lisa-randall/","1:27:38","https://rss.art19.com/episodes/f0a238b0-54ee-4012-a44c-a66ffae5c6e6.mp3","",""
"114","The Athlete (And Artist) Who Cheats Death, Jimmy Chin (#114)","Jimmy Chin","Chill, then get after it.","https://tim.blog/2015/10/20/the-athlete-and-artist-who-cheats-death-jimmy-chin/","01:20:07","https://rss.art19.com/episodes/642dc8d9-36b8-4f76-84c1-c698901455db.mp3","",""
"113","5 Tools I Use For Faster And Better Sleep (#113)","","","https://tim.blog/2015/10/17/5-tools-i-use-for-faster-and-better-sleep/","","https://rss.art19.com/episodes/c196e76e-06ce-4755-919f-9ac001afdcbd.mp3","",""
"112","The Nasty Icon of Retail, Sophia Amoruso (#112)","Sophia Amoruso","–","https://tim.blog/2015/10/13/the-nasty-icon-of-retail-sophia-amoruso/","1:24:26","https://rss.art19.com/episodes/1bcdff98-7c67-4d82-93c1-a9182eac7f99.mp3","",""
"111","Should You Start a ‘Startup’ or Build a Cash-Flow Business? (#111)","","","https://tim.blog/2015/10/09/should-you-start-a-startup-or-build-a-cash-flow-business/","","https://rss.art19.com/episodes/0cf92dfe-a8d7-4ab7-9a71-f91a37d10029.mp3","",""
"110","The Tattooed Heretic of Wine and Whiskey, Richard Betts (#110)","Richard Betts","Love yourself.","https://tim.blog/2015/10/05/richard-betts/","2:30:39","https://rss.art19.com/episodes/811ed914-ece1-4cf8-9c70-315cccc4fc09.mp3","",""
"109","The 5 Things I Did To Become a Better Investor (#109)","","","https://tim.blog/2015/10/02/the-5-things-i-did-to-become-a-better-investor/","","","",""
"108","Comedy’s Dynamic Duo, Seth Rogen and Evan Goldberg (#108)","Evan Goldberg","","https://tim.blog/2015/09/29/seth-rogen-and-evan-goldberg/","","https://rss.art19.com/episodes/b441ea28-6014-46b4-b71e-2db50e765ea0.mp3","",""
"107","The Scariest Navy SEAL Imaginable…And What He Taught Me (#107)","Jocko Willink","Discipline equals freedom.","https://tim.blog/2015/09/25/jocko-willink/","1:55:59","https://rss.art19.com/episodes/d1cd9b36-63ff-4e7a-802d-8dee7c0a1bff.mp3","",""
"106","Scott Adams: The Man Behind Dilbert (#106)","Scott Adams","","https://tim.blog/2015/09/22/scott-adams-the-man-behind-dilbert/","","https://rss.art19.com/episodes/bd7fcc81-db2e-4f85-8e68-7229fda9c1e8.mp3","",""
"105","5 Morning Rituals That Help Me Win The Day (#105)","","","https://tim.blog/2015/09/18/5-morning-rituals/","","https://rss.art19.com/episodes/a63095e6-447a-4da9-883e-a96f2e8a665a.mp3","",""
"104","Are Psychedelic Drugs the Next Medical Breakthrough? (#104)","Dan Engle","Be curious.","https://tim.blog/2015/09/14/are-psychedelic-drugs-the-next-medical-breakthrough/","1:31:01","https://rss.art19.com/episodes/136097a7-9840-4680-bf5f-fb944820e1db.mp3","",""
"103","Drunk Dialing Fans — Celebrating The 100th Podcast Episode! (#103)","","","https://tim.blog/2015/09/11/drunk-dialing/","","https://rss.art19.com/episodes/2ffed8c4-306b-4247-9a19-3ca7699cc3ff.mp3","",""
"102","“The Iceman,” Wim Hof (#102)","Wim Hof","","https://tim.blog/2015/09/07/the-iceman-wim-hof/","","https://rss.art19.com/episodes/2b77c332-880f-42fa-bcfb-16668109e0c3.mp3","",""
"101","The Oracle of Silicon Valley, Reid Hoffman (Plus: Michael McCullough) (#101)","Michael Mccullough","Pick something you’re afraid of every day, and go after it","https://tim.blog/2015/08/31/the-oracle-of-silicon-valley-reid-hoffman-plus-michael-mccullough/","1:19:53","https://rss.art19.com/episodes/3bbd6454-7adb-4817-960f-3e40d1e32bd7.mp3","",""
"100","Brené Brown on Vulnerability and Home Run TED Talks (#100)","Brene Brown","Shut up and listen","https://tim.blog/2015/08/28/brene-brown-on-vulnerability-and-home-run-ted-talks/","1:16:46","https://rss.art19.com/episodes/179764dd-aa5b-4a50-af08-89b23bcc8435.mp3","",""
"99","How to Build a World-Class Network in Record Time (#99)","","","https://tim.blog/2015/08/26/how-to-build-a-world-class-network-in-record-time/","","https://rss.art19.com/episodes/80921f45-c154-4dac-a6ae-74d4ce87c089.mp3","",""
"98","The “Wizard” of Hollywood, Robert Rodriguez (#98)","Robert Rodriguez","","https://tim.blog/2015/08/23/the-wizard-of-hollywood-robert-rodriguez/","","https://rss.art19.com/episodes/a1a49bef-971a-4c1c-b9af-216fd217e7c7.mp3","",""
"97","The Person I Call Most for Startup Advice (#97)","Naval Ravikant","Desire is a contract you make with yourself to be unhappy until you get what you want.","https://tim.blog/2015/08/18/the-evolutionary-angel-naval-ravikant/","2:04:19","https://rss.art19.com/episodes/68f95546-fd20-47f4-8dd1-37e652f4d70c.mp3","",""
"96","Kevin Kelly on Artificial Intelligence and Designer Babies (#96)","Kevin Kelly","","https://tim.blog/2015/08/07/kevin-kelly-on-artificial-intelligence-and-designer-babies/","","https://rss.art19.com/episodes/8c65fb0e-88ff-4314-83e1-990c3ec0e655.mp3","",""
"95","What Evernote’s Phil Libin Learned from Jeff Bezos, Reid Hoffman, and Others (#95)","Phil Libin","–","https://tim.blog/2015/08/04/phil-libin/","1:44:00","https://rss.art19.com/episodes/286203e6-7e96-4093-8ece-2864bc40a090.mp3","",""
"94","Tara Brach on Meditation and Overcoming FOMO (Fear Of Missing Out) (#94)","Tara Brach","Realize and live from the loving awareness that's really who you are.","https://tim.blog/2015/07/31/tara-brach/","1:51:22","https://rss.art19.com/episodes/ee616556-30f3-43cd-ba1e-38b651f8021b.mp3","",""
"93","Jane McGonigal on Getting More Done with Less Stress and The Health Benefits of Gaming (#93)","Jane Mcgonigal","–","https://tim.blog/2015/07/28/jane-mcgonigal/","1:29:30","https://rss.art19.com/episodes/bbd5e255-806d-4d39-8364-91b5c868c555.mp3","",""
"92","Maria Popova on Being Interesting, Creating More Time in a Day, And How to Start A Successful Blog (#92)","Maria Popova","","https://tim.blog/2015/07/24/maria-popova-starting-a-successful-blog/","","https://rss.art19.com/episodes/7e1c19ba-f75a-4698-be43-722415780bf4.mp3","",""
"91","Charles Poliquin on Strength Training, Shredding Body Fat, and Increasing Testosterone and Sex Drive (#91)","Charles Poliquin","Know yourself.","https://tim.blog/2015/07/21/charles-poliquin/","2:36:50","https://rss.art19.com/episodes/97582339-41b3-41c2-bdf2-9545fa765171.mp3","",""
"90","Peter Diamandis on Disrupting the Education System, The Evolution of Healthcare, and Building a Billion-Dollar Business (#90)","Peter Diamandis","","https://tim.blog/2015/07/17/peter-diamandis-on-the-education-system/","","https://rss.art19.com/episodes/779f403d-c729-4a72-b94a-0ee6849d0049.mp3","",""
"89","Laird Hamilton, The King of Big Wave Surfing (Plus: Gabrielle Reece and Brian MacKenzie) (#89)","Brian Mckenzie","","https://tim.blog/2015/07/15/laird-hamilton-the-king-of-big-wave-surfing-plus-gabrielle-reece-and-brian-mackenzie/","","https://rss.art19.com/episodes/dc04d1d6-07cb-4a9d-a1ac-2cdaad23c6fe.mp3","",""
"88","General Stan McChrystal on Anti-War Americans, Pushing Your Limits, and The Three Military Tests You Should Take (#88)","Stan Mcchrystal","The purpose of life is a life of purpose.","https://tim.blog/2015/07/10/general-stanley-mcchrystal-on-anti-war-americans-pushing-your-limits-and-the-three-military-tests-you-should-take/","13:40","https://rss.art19.com/episodes/a45f40b7-3e0a-4403-8976-b5d26379de86.mp3","",""
"87","Sam Harris on Daily Routines, The Trolley Scenario, and 5 Books Everyone Should Read (#87)","Sam Harris","","https://tim.blog/2015/07/08/sam-harris-on-daily-routines-the-trolley-scenario-and-5-books-everyone-should-read/","","https://rss.art19.com/episodes/cd93b1d7-0c7c-4c9d-b3c7-40d78748991c.mp3","",""
"86","General Stan McChrystal on Eating One Meal Per Day, Special Ops, and Mental Toughness (#86)","Stan Mcchrystal","","https://tim.blog/2015/07/05/stanley-mcchrystal/","","https://rss.art19.com/episodes/bb75d2ca-0524-4122-9536-d28269a49f96.mp3","",""
"84","Whitney Cummings on Turning Pain Into Creativity (#84)","Whitney Cummings","–","https://tim.blog/2015/06/26/whitney-cummings/","2:20:48","https://rss.art19.com/episodes/166c9135-8f0d-47fd-b301-75fe4ae65bba.mp3","",""
"83","The Maverick of Brain Optimization (#83)","Adam Gazzaley","","https://tim.blog/2015/06/22/adam-gazzaley/","","https://rss.art19.com/episodes/cdd73efd-19b9-425c-b058-3b3fe3056743.mp3","",""
"82","Sam Kass on Reinventing Yourself and Baptism by Fire (#82)","Sam Kass","","https://tim.blog/2015/06/18/sam-kass/","","https://rss.art19.com/episodes/eb7f4641-0dd5-4ec1-98d6-21fb73f3bbf3.mp3","",""
"81","The Rags to Riches Philosopher: Bryan Johnson’s Path to $800 Million (#81)","Bryan Johnson","Do an anonymous and random act of kindness today.","https://tim.blog/2015/06/12/bryan-johnson/","1:32:00","https://rss.art19.com/episodes/985659ec-7f7e-4373-b2bb-3d64dc1a7c74.mp3","",""
"79","Chris Sacca on Being Different and Making Billions (#79)","Chris Sacca","","https://tim.blog/2015/05/30/chris-sacca/","","https://rss.art19.com/episodes/8a26b2f5-7db0-403c-ad49-b15b5c312adc.mp3","",""
"78","How to Build a Large Audience From Scratch (And More) (#78)","","","https://tim.blog/2015/05/28/how-to-build-a-large-audience-from-scratch-and-more/","","https://rss.art19.com/episodes/f02f71ef-d5ed-4a04-bed8-17886b8b9774.mp3","",""
"77","Is It Time to Kill Sacred Cows In Your Relationship? (#77)","Astro Teller","","https://tim.blog/2015/05/20/google-x/","","https://rss.art19.com/episodes/f946d071-d0ce-4a79-ac60-b86d950391b6.mp3","",""
"76","Rick Rubin on Cultivating World-Class Artists (Jay Z, Johnny Cash, etc.), Losing 100+ Pounds, and Breaking Down The Complex (#76)","Rick Rubin","","https://tim.blog/2015/05/15/rick-rubin/","","https://rss.art19.com/episodes/2e05193c-6c41-47d4-9ed9-9a074a6b455c.mp3","",""
"30","How Facebook’s #30 Employee Quickly Built 4 Businesses and Gained 40 Pounds with Weight Training (#75)","Noah Kagan","","https://tim.blog/2015/05/07/noah-kagan/","","https://rss.art19.com/episodes/b62952b9-a67e-4d3b-a975-60f9ab9d5d2b.mp3","",""
"74","How One Computer Hacker Conquered Online Dating, Opens Locked Cars, and More (#74)","Samy Kamkar","","https://tim.blog/2015/05/02/samy-kamkar/","","https://rss.art19.com/episodes/e6c1ea37-f90c-4fcf-a145-9f465b4641c1.mp3","",""
"72","Triple H on Pre-Fight Rituals, Injury Avoidance, and Floyd Mayweather, Jr. (#72)","Paul Levesque","","https://tim.blog/2015/04/20/triple-h/","","https://rss.art19.com/episodes/690e2309-55de-4f9b-b4d8-07b27e728e86.mp3","",""
"71","Hit Filmmaker Jon Favreau’s Techniques and Routines (#71)","Jon Favreau","","https://tim.blog/2015/04/14/jon-favreau/","","https://rss.art19.com/episodes/21711fd5-f418-46e5-b7d6-bd9bf912ab72.mp3","",""
"","How to Earn Your Freedom…And A Motorcycle Ride Across China?","Rolf Potts","","https://tim.blog/2015/04/10/how-to-earn-your-freedom/","","","",""
"69","Inside the Mind of Glenn Beck, You Find…Walt Disney and Orson Welles? (#69)","Glenn Beck","","https://tim.blog/2015/04/06/glenn-beck/","","https://rss.art19.com/episodes/3d9a09d7-ef78-4031-8144-74d2d0e6ad51.mp3","",""
"67","Amanda Palmer on How to Fight, Meditate, and Make Good Art (#67)","Amanda Palmer","","https://tim.blog/2015/03/30/amanda-palmer/","","https://rss.art19.com/episodes/c3781b01-dd1b-4614-a868-fe781cd56777.mp3","",""
"66","The Psychedelic Explorer’s Guide – Risks, Micro-Dosing, Ibogaine, and More (#66)","James Fadiman","","https://tim.blog/2015/03/21/james-fadiman/","","https://rss.art19.com/episodes/ae1b609a-106c-486e-a62b-2f4b410b33da.mp3","",""
"63","Optimizing Investing, Blood, Hormones, and Life (Podcast Double-Header: #63 and #65)","Mark Hart","","https://tim.blog/2015/03/18/mark-hart-raoul-pal-peter-attia/","","https://rss.art19.com/episodes/4bf1151c-1436-4e81-9678-6e8f6070c6ce.mp3","",""
"64","The Good, The Bad, and The Ugly of CrossFit (#64)","Kelly Starrett","","https://tim.blog/2015/03/04/the-good-the-bad-and-the-ugly-of-crossfit/","","","",""
"62","Productivity Secrets of a Master DJ (Meditation, Morning Routines, and More) (#62)","Justin Boreta","","https://tim.blog/2015/02/23/glitch-mob/","","https://rss.art19.com/episodes/39735218-6371-4a87-9f2f-a18e13572290.mp3","",""
"61","Matt Mullenweg on Polyphasic Sleep, Tequila, and Building Billion-Dollar Companies (#61)","Matt Mullenweg","","https://tim.blog/2015/02/09/matt-mullenweg/","","https://rss.art19.com/episodes/1f3aff03-e180-4cfd-9e45-b0aad6111f4a.mp3","",""
"60","Tim Ferriss Interviews Arnold Schwarzenegger on Psychological Warfare (And Much More) (#60)","Arnold Schwarzenegger","","https://tim.blog/2015/02/02/arnold-schwarzenegger/","","https://rss.art19.com/episodes/e2ac0ce7-d799-47fd-9276-fbde62440e2a.mp3","",""
"58","How to Create a Blockbuster Podcast (#58 & #59)","Alex Blumberg","","https://tim.blog/2015/01/29/alex-blumberg/","","","",""
"56","How to Think Like Elon Musk and Jeff Bezos (#56)","Peter Diamandis","","https://tim.blog/2015/01/20/elon-musk-and-jeff-bezos/","","https://rss.art19.com/episodes/3dcf28df-b1b4-4e28-955e-3c5cc4e6560b.mp3","",""
"55","Pavel Tsatsouline on the Science of Strength and the Art of Physical Performance (#55)","Pavel Tsatsouline","","https://tim.blog/2015/01/15/pavel-tsatsouline/","","https://rss.art19.com/episodes/e06a6ff9-7c2f-4746-8585-9514c459ecbb.mp3","",""
"54","Are We Really 10% Human and 90% Bacteria? Exploring The Microbiome… (#54)","Jessica Richman","","https://tim.blog/2015/01/10/microbiome/","","https://rss.art19.com/episodes/4f32856a-e513-488b-abcb-bf24853971d1.mp3","",""
"52","Ed Cooke, Grandmaster of Memory, on Mental Performance, Imagination, and Productive Mischief (#52 & #53)","Ed Cooke","","https://tim.blog/2014/12/30/ed-cooke/","","","",""
"49","What I’d Add To The 4-Hour Workweek for 2015 (And Much More) (#49 & #51, plus bonus episode #44)","","","https://tim.blog/2014/12/23/4-hour-work-week-2015/","","","",""
"50","Dr. Peter Attia on Life-Extension, Drinking Jet Fuel, Ultra-Endurance, Human Foie Gras, and More (#50)","Peter Attia","","https://tim.blog/2014/12/18/peter-attia/","","https://rss.art19.com/episodes/5c475aca-a88b-4988-9825-d84489d8697f.mp3","",""
"","Human Foie Gras — A Golden Opportunity","","","https://tim.blog/2014/12/17/foie-gras/","","","",""
"48","Marc Goodman, FBI Futurist, on High-Tech Crime and How to Protect Yourself (#48)","Marc Goodman","","https://tim.blog/2014/12/09/future-crimes/","","https://rss.art19.com/episodes/7f1ea57b-6b40-4740-be4c-d3f64b1ce466.mp3","",""
"47","Bryan Callen on Eating Corgis (Yes, The Dogs) and Improving Creativity (#47)","Bryan Callen","","https://tim.blog/2014/12/01/bryan-callen/","","https://rss.art19.com/episodes/d66ecaef-d26e-4d18-b97d-35975bef8170.mp3","",""
"46","The Random Show: Hating Tech, Hidden Japanese Gems, Sexual Awkwardness, and More (#46)","Kevin Rose","","https://tim.blog/2014/11/25/the-random-show-hating-tech-hidden-japanese-gems-sexual-awkwardness-and-more/","","https://rss.art19.com/episodes/47de522a-6a4a-442e-8c86-9e94332fca74.mp3","",""
"45","Nick Ganju on The Majesty of Ping Pong, Poker, and How to Write Hit Songs (#45)","Nick Ganju","","https://tim.blog/2014/11/21/nick-ganju/","","https://rss.art19.com/episodes/85b5c1b9-e084-41a7-a439-612eff2cfc9e.mp3","",""
"43","Margaret Cho on Comedy, Bisexuality, and The Slow-Carb Diet (#43)","Margaret Cho","","https://tim.blog/2014/11/10/margaret-cho/","","https://rss.art19.com/episodes/5e3792ad-44d0-4f82-9b03-8dcdc957b4de.mp3","",""
"41","Rolf Potts on Travel Tactics, Creating Time Wealth, and Lateral Thinking (#41 & #42)","Rolf Potts","","https://tim.blog/2014/11/04/rolf-potts/","","","",""
"","The Unusual Books That Shaped Billionaires, Mega-Bestselling Authors, and Other Prodigies","","","https://tim.blog/2014/10/29/the-books-that-shaped-billionaires-mega-bestselling-authors-and-other-prodigies/","","","",""
"40","Andrew Zimmern on Simple Cooking Tricks, Developing TV, and Addiction (#40)","Andrew Zimmern","","https://tim.blog/2014/10/28/andrew-zimmern-on-simple-cooking-tricks-developing-tv-and-addiction/","","https://rss.art19.com/episodes/6ad82b8e-4c2d-446f-848f-8983420428fc.mp3","",""
"39","Maria Popova on Writing, Workflow, and Workarounds (#39)","Maria Popova","","https://tim.blog/2014/10/21/brain-pickings/","","","",""
"37","Tony Robbins on Morning Routines, Peak Performance, and Mastering Money (#37 & #38)","Tony Robbins","","https://tim.blog/2014/10/15/money-master-the-game/","","","",""
"33","Ramit Sethi on Persuasion and Turning a Blog Into a Multi-Million-Dollar Business (#33 & #34)","Ramit Sethi","","https://tim.blog/2014/10/09/ramit-sethi-on-persuasion-and-turning-a-blog-into-a-multi-million-dollar-business/","","","",""
"35","Tony Robbins and Peter Diamandis (XPRIZE) on the Magic of Thinking BIG (#35)","Peter Diamandis","","https://tim.blog/2014/10/07/global-learning-xprize/","","https://rss.art19.com/episodes/7cbfd594-dadf-4eb4-9e90-25536590f383.mp3","",""
"30","The Tim Ferriss Show: Tracy DiNunzio on Rapid Growth and Rapid Learning (#30, #31 and #32)","Tracy Dinunzio","","https://tim.blog/2014/09/30/the-tim-ferriss-show-tracy-dinunzio-on-rapid-growth-and-rapid-learning/","","","",""
"28","The Tim Ferriss Show: Interview with Peter Thiel, Billionaire Investor and Company Creator (#28)","Peter Thiel","","https://tim.blog/2014/09/09/peter-thiel/","","","",""
"25","The Tim Ferriss Show: Interview of Kevin Kelly, Co-Founder of WIRED, Polymath, Most Interesting Man In The World? (#25, #26 & #27)","Kevin Kelly","","https://tim.blog/2014/08/29/kevin-kelly/","","","",""
"24","The Random Show — Gut Bacteria, Meditation, Startups, and More (#24)","Kevin Rose","","https://tim.blog/2014/08/22/the-random-show-episode-25-gut-bacteria-meditation-startups-and-more/","","","",""
"22","The Tim Ferriss Show: Ed Catmull, President of Pixar, on Steve Jobs, Stories, and Lessons Learned (#22)","Ed Catmull","","https://tim.blog/2014/08/12/ed-catmull/","","","",""
"21","The Tim Ferriss Show: Mike Shinoda of Linkin Park – Making Art, Making Music, Getting To 60+ Million Albums (#21)","Mike Shinoda","","https://tim.blog/2014/08/04/mike-shinoda/","","","",""
"20","The Tim Ferriss Show: Dan Carlin – Hardcore History, Building Podcasts, Creativity, and More (#20)","Dan Carlin","","https://tim.blog/2014/07/29/the-tim-ferriss-show-episode-20-dan-carlin-hardcore-history-building-podcasts-creativity-and-more/","","","",""
"18","The Tim Ferriss Show: James Altucher on How to Say “No,” Fail Better, and Build Businesses (#18)","James Altucher","","https://tim.blog/2014/07/11/james-altucher/","","","",""
"16","The Tim Ferriss Show: Joe De Sena on Grit, Endurance, and Building Empires (#16)","Joe De Sena","","https://tim.blog/2014/07/01/spartan-race/","","","",""
"15","The Tim Ferriss Podcast: Neil Strauss, Author of The Game (#15)","Neil Strauss","","https://tim.blog/2014/06/24/neil-strauss/","","","",""
"14","The Tim Ferriss Show: Sam Harris, PhD on Spirituality, Neuroscience, Meditation, and More (#14)","Sam Harris","","https://tim.blog/2014/06/18/sam-harris/","","","",""
"","Not-To-Do Lists, Drugs, and Other Productivity Tricks","","","https://tim.blog/2014/06/16/not-to-do-lists-drugs-and-other-productivity-tricks/","","","",""
"12","The Tim Ferriss Show: Dr. Rhonda Patrick on Life Extension, Performance, and Much More (#12)","Rhonda Patrick","","https://tim.blog/2014/06/10/the-tim-ferriss-show-rhonda-patrick-life-extension/","","","",""
"10","The Tim Ferriss Show: Brian Koppelman, Co-writer/Producer of Rounders, The Illusionist, Ocean’s Thirteen (#10)","Brian Koppelman","","https://tim.blog/2014/06/04/brian-koppelman-screenwriter/","","","",""
"8","The Tim Ferriss Show: Chase Jarvis, Master Photographer (#8)","Chase Jarvis","","https://tim.blog/2014/05/26/the-tim-ferriss-show-episode-8-chase-jarvis-master-photographer/","","","",""
"7","The Tim Ferriss Show: Stephen Dubner, Co-Author of Freakonomics (#7)","Stephen Dubner","","https://tim.blog/2014/05/19/think-like-a-freak/","","","",""
"5","The Tim Ferriss Podcast:  Filmmaker Jason Silva (#5)","Jason Silva","","https://tim.blog/2014/05/14/jason-silva-brain-games/","","","",""
"4","The Tim Ferriss Podcast: Ryan Holiday (#4)","Ryan Holiday","","https://tim.blog/2014/05/06/the-tim-ferriss-podcast-episode-4-ryan-holiday/","","","",""
"3","The Tim Ferriss Podcast: Kelly Starrett and Dr. Justin Mager (#3)","Justin Mager","","https://tim.blog/2014/04/27/tim-ferriss-show-kelly-starret-and-dr-justin-mager/","","","",""
"","The Tim Ferriss Podcast is Live! Here Are Episodes 1 and 2","Josh Waitzkin","","https://tim.blog/2014/04/22/tim-ferriss-podcast/","","","",""